#
# A fatal error has been detected by the Java Runtime Environment:
#
#  Internal Error (frame.cpp:1084), pid=12211, tid=12212
#  Error: ShouldNotReachHere()
#
# JRE version: OpenJDK Runtime Environment (17.0.9.7) (build 17.0.9.7-frc+0-2024-17.0.9u7-3)
# Java VM: OpenJDK Client VM (17.0.9.7-frc+0-2024-17.0.9u7-3, mixed mode, emulated-client, shenandoah gc, linux-arm)
# Problematic frame:
# V  [libjvm.so+0x1ae08a]
#
# No core dump will be written. Core dumps have been disabled. To enable core dumping, try "ulimit -c unlimited" before starting Java again
#
# If you would like to submit a bug report, please visit:
#   https://bugreport.java.com/bugreport/crash.jsp
#

---------------  S U M M A R Y ------------

Command Line: -Djava.lang.invoke.stringConcat=BC_SB -Djava.library.path=/usr/local/frc/third-party/lib -Xmx200m -XX:+UseShenandoahGC -Xlog:gc /home/lvuser/2025-Beta-2.jar

Host: rev 0 (v7l), 2 cores, 497M, NI Linux Real-Time - Academic 8.15
Time: Sun Mar 29 21:15:26 2026 PDT elapsed time: 32.136727 seconds (0d 0h 0m 32s)

---------------  T H R E A D  ---------------

Current thread (0xb638d4b8):  JavaThread "main" [_thread_in_Java, id=12212, stack(0xb649f000,0xb64ef000)]

Stack: [0xb649f000,0xb64ef000],  sp=0xb64ed770,  free space=313k
Native frames: (J=compiled Java code, j=interpreted, Vv=VM code, C=native code)
V  [libjvm.so+0x1ae08a]

Java frames: (J=compiled Java code, j=interpreted, Vv=VM code)
j  edu.wpi.first.hal.ControlWord.update(ZZZZZZ)V+0
j  edu.wpi.first.hal.DriverStationJNI.getControlWord(Ledu/wpi/first/hal/ControlWord;)V+81
j  edu.wpi.first.wpilibj.DriverStation.refreshData()V+120
j  edu.wpi.first.wpilibj.IterativeRobotBase.loopFunc()V+0
j  org.littletonrobotics.junction.LoggedRobot.startCompetition()V+121
j  edu.wpi.first.wpilibj.RobotBase.runRobot(Ljava/util/function/Supplier;)V+265
j  edu.wpi.first.wpilibj.RobotBase.startRobot(Ljava/util/function/Supplier;)V+137
j  frc.robot.Main.main([Ljava/lang/String;)V+5
v  ~StubRoutines::call_stub
Registers:
  r0  = 0xb6cdca60
  r1  = 0x0000043c
  r2  = 0x00000058
  r3  = 0xb6f5d000
  r4  = 0xb64ed7fc
  r5  = 0xa65244ec
  r6  = 0xb6d5cf1c
  r7  = 0xb64ed788
  r8  = 0xa6524500
  r9  = 0x00000001
  r10 = 0xa3c11eb8
  fp  = 0xa3c11e90
  r12 = 0x00000001
  sp  = 0xb64ed770
  lr  = 0xb6925039
  pc  = 0xb692508a
  cpsr = 0x20000030


Register to memory mapping:

  r0  = 0xb6cdca60: <offset 0x00565a60> in /usr/local/frc/JRE/lib/client/libjvm.so at 0xb6777000
  r1  = 0x0000043c is an unknown value
  r2  = 0x00000058 is an unknown value
  r3  = 0xb6f5d000 points into unknown readable memory: 0x00000058 | 58 00 00 00
  r4  = 0xb64ed7fc is pointing into the stack for thread: 0xb638d4b8
  r5  = 0xa65244ec points into unknown readable memory: 0xb6d53898 | 98 38 d5 b6
  r6  = 0xb6d5cf1c: <offset 0x005e5f1c> in /usr/local/frc/JRE/lib/client/libjvm.so at 0xb6777000
  r7  = 0xb64ed788 is pointing into the stack for thread: 0xb638d4b8
  r8  = 0xa6524500 points into unknown readable memory: 0xb6d54034 | 34 40 d5 b6
  r9  = 0x00000001 is an unknown value
  r10 = 0xa3c11eb8 points into unknown readable memory: 0xb64ed768 | 68 d7 4e b6
  fp  = 0xa3c11e90 points into unknown readable memory: 0xb638d4b8 | b8 d4 38 b6
  r12 = 0x00000001 is an unknown value
  sp  = 0xb64ed770 is pointing into the stack for thread: 0xb638d4b8
  lr  = 0xb6925039: <offset 0x001ae039> in /usr/local/frc/JRE/lib/client/libjvm.so at 0xb6777000
  pc  = 0xb692508a: <offset 0x001ae08a> in /usr/local/frc/JRE/lib/client/libjvm.so at 0xb6777000


Top of Stack: (sp=0xb64ed770)
0xb64ed770:   00000000 b64ed784 0000000a b4013e30
0xb64ed780:   b68b196d 36cb7400 a65244ec a6524448
0xb64ed790:   b64ed7fc b64ed7b0 a3c11eb8 a3c11eb8
0xb64ed7a0:   00000000 b6c03f67 00000001 b6b71bcb
0xb64ed7b0:   00000000 b64ed7fc b6c03f39 b64ed7c8
0xb64ed7c0:   a3c11ea0 b6c163e7 b64ed834 00000000
0xb64ed7d0:   b64ed7e0 b6d5cf1c b64ed818 b64eda40
0xb64ed7e0:   b6388b88 b69ec503 b638d4b8 b64ed8c0
0xb64ed7f0:   b64ed8a0 b6388b68 b64ed800 b64eda40
0xb64ed800:   10000000 00000000 00000000 a577e130
0xb64ed810:   b64eda40 b6388b68 b638d4b8 b6388b88
0xb64ed820:   b6388ba8 b6388bb0 b6388c9c 000000ec
0xb64ed830:   b64edc6c b638d4b8 00000000 00000000
0xb64ed840:   00000000 b6388b68 b638d888 b638d890
0xb64ed850:   b638dc7c 000003ec b6d871d0 a6524448
0xb64ed860:   a6524460 00000004 b64ed880 b64ed8c8
0xb64ed870:   b6d871d0 b638d4b8 b64eda40 b6c16991
0xb64ed880:   00000007 b64ed8b0 a6524448 b64ed898
0xb64ed890:   b64ed898 b6c16feb b64eda00 b4011de4
0xb64ed8a0:   b4011748 00000000 b64eda40 b64eda00
0xb64ed8b0:   b64eda00 b4011de4 b4011748 00000000
0xb64ed8c0:   b64eda40 b64eda00 a65df8d0 0000000e
0xb64ed8d0:   0155599c 00000000 b64ed828 b64ed930
0xb64ed8e0:   00000001 b6a613b1 b638d6b0 b64eda4c
0xb64ed8f0:   a6524ed0 a3c214c0 a5451330 b638d4b8
0xb64ed900:   b64eda40 a614e330 b638d4b8 b64ed91c
0xb64ed910:   b64ed95c a614d500 a3c214c0 a6524ed0
0xb64ed920:   a6524ed4 00000000 00000000 00000000
0xb64ed930:   00000000 b64ed95c 00000000 b64ed9a3
0xb64ed940:   00000000 b638d6b0 b64eda4c b64ed95c
0xb64ed950:   b64eda4c a6160c70 b4013088 00000000
0xb64ed960:   00000000 00000000 00000000 00000000 

Instructions: (pc=0xb692508a)
0xb6924f8a:   84 fe 04 37 bd 46 bd e8 f0 43 33 f2 3e bf 32 46
0xb6924f9a:   29 46 20 46 04 37 bd 46 bd e8 f0 43 35 e6 04 37
0xb6924faa:   bd 46 bd e8 f0 83 d4 f8 08 c0 04 f1 0c 03 dc f8
0xb6924fba:   00 e0 04 95 03 96 93 e8 07 00 8d e8 07 00 60 46
0xb6924fca:   94 e8 0e 00 de f8 48 50 a8 47 b8 e7 00 bf 28 80
0xb6924fda:   43 00 60 2f 00 00 18 43 00 00 de 7a 3b 00 2d e9
0xb6924fea:   f0 47 04 46 39 4e 86 b0 06 af 0d 46 90 46 9a 46
0xb6924ffa:   7e 44 d7 f8 20 90 00 f0 4a f9 00 28 30 d1 33 4b
0xb692500a:   f3 58 1a 68 63 68 93 42 42 d0 a0 68 60 b1 03 68
0xb692501a:   1b 6b 98 47 38 b1 a0 68 22 46 29 46 bd 46 bd e8
0xb692502a:   f0 47 93 f7 a4 be 63 68 18 46 96 f7 de f9 f8 b1
0xb692503a:   a3 68 5b 6b 43 b1 4b 46 2a 46 51 46 20 46 29 f2
0xb692504a:   3e fb 9a f8 d0 30 6b bb b8 f1 00 0f 27 d0 d8 f8
0xb692505a:   00 30 40 46 a1 68 1b 68 bd 46 bd e8 f0 47 18 47
0xb692506a:   01 23 52 46 29 46 20 46 bd 46 bd e8 f0 47 9c e4
0xb692507a:   18 4b 58 22 18 48 40 f2 3c 41 78 44 f3 58 1b 68
0xb692508a:   1a 70 c9 f7 02 fe bd 46 bd e8 f0 47 33 f2 bd be
0xb692509a:   52 46 29 46 20 46 bd 46 bd e8 f0 47 b5 e5 bd 46
0xb69250aa:   bd e8 f0 87 a6 68 04 f1 0c 03 d6 f8 00 c0 04 95
0xb69250ba:   cd f8 0c a0 93 e8 07 00 8d e8 07 00 30 46 94 e8
0xb69250ca:   0e 00 dc f8 48 50 a8 47 be e7 1e 7f 43 00 60 2f
0xb69250da:   00 00 18 43 00 00 d8 79 3b 00 80 b4 00 af bd 46
0xb69250ea:   5d f8 04 7b 70 47 98 b5 14 46 00 af 10 f2 a1 fe
0xb69250fa:   04 60 98 bd 00 bf 2d e9 f0 41 06 46 1f 4d c4 68
0xb692510a:   00 af 7d 44 40 68 8c 42 0b dd b2 68 1c 4b 06 69
0xb692511a:   14 68 e8 58 23 68 56 f8 1c 5c 83 42 1d d1 bd e8
0xb692512a:   f0 81 0c 1b 00 f0 f9 f8 72 68 61 1c a0 eb 81 01
0xb692513a:   13 69 53 f8 08 3c 63 b1 99 42 f0 d3 b0 68 0f 4b
0xb692514a:   04 68 ea 58 23 68 93 42 e9 d0 bd 46 bd e8 f0 41
0xb692515a:   18 47 13 68 99 42 e2 d3 f0 e7 89 00 10 46 4a 42
0xb692516a:   c1 f1 03 01 11 ea 22 01 38 bf 11 46 21 f0 03 01
0xb692517a:   29 44 bd 46 bd e8 f0 41 18 47 0c 7e 43 00 4c 0a 


Stack slot to memory mapping:
stack at sp + 0 slots: 0x0 is NULL
stack at sp + 1 slots: 0xb64ed784 is pointing into the stack for thread: 0xb638d4b8
stack at sp + 2 slots: 0x0000000a is an unknown value
stack at sp + 3 slots: 0xb4013e30 is at code_begin+0 in an Interpreter codelet
method entry point (kind = zerolocals)  [0xb4013e30, 0xb4014050]  544 bytes
stack at sp + 4 slots: 0xb68b196d: <offset 0x0013a96d> in /usr/local/frc/JRE/lib/client/libjvm.so at 0xb6777000
stack at sp + 5 slots: 0x36cb7400 is an unknown value
stack at sp + 6 slots: 0xa65244ec points into unknown readable memory: 0xb6d53898 | 98 38 d5 b6
stack at sp + 7 slots: 0xa6524448 points into unknown readable memory: 0xb6d54014 | 14 40 d5 b6


---------------  P R O C E S S  ---------------

Threads class SMR info:
_java_thread_list=0x9ee49a30, length=15, elements={
0xb638d4b8, 0xa652c3a8, 0xa652d670, 0xa653e1a8,
0xa653f318, 0xa6540500, 0xa6541770, 0xa6542928,
0xa6577158, 0xa657c3a8, 0xa3c28e08, 0xa3c3ad30,
0x9ee03a78, 0x9ee05b00, 0x9ee48cd8
}

Java Threads: ( => current thread )
=>0xb638d4b8 JavaThread "main" [_thread_in_Java, id=12212, stack(0xb649f000,0xb64ef000)]
  0xa652c3a8 JavaThread "Reference Handler" daemon [_thread_blocked, id=12223, stack(0xa662f000,0xa667f000)]
  0xa652d670 JavaThread "Finalizer" daemon [_thread_blocked, id=12224, stack(0xa64b0000,0xa6500000)]
  0xa653e1a8 JavaThread "Signal Dispatcher" daemon [_thread_blocked, id=12225, stack(0xa6460000,0xa64b0000)]
  0xa653f318 JavaThread "Service Thread" daemon [_thread_blocked, id=12226, stack(0xa6410000,0xa6460000)]
  0xa6540500 JavaThread "Monitor Deflation Thread" daemon [_thread_blocked, id=12227, stack(0xa63c0000,0xa6410000)]
  0xa6541770 JavaThread "C1 CompilerThread0" daemon [_thread_blocked, id=12228, stack(0xa6340000,0xa63c0000)]
  0xa6542928 JavaThread "Sweeper thread" daemon [_thread_blocked, id=12229, stack(0xa62f0000,0xa6340000)]
  0xa6577158 JavaThread "Notification Thread" daemon [_thread_blocked, id=12244, stack(0xa62a0000,0xa62f0000)]
  0xa657c3a8 JavaThread "Common-Cleaner" daemon [_thread_blocked, id=12247, stack(0xa61cf000,0xa621f000)]
  0xa3c28e08 JavaThread "NTListener" daemon [_thread_in_native, id=12347, stack(0xa426c000,0xa42bc000)]
  0xa3c3ad30 JavaThread "Thread-0" daemon [_thread_in_native, id=12363, stack(0xa419c000,0xa41ec000)]
  0x9ee03a78 JavaThread "AdvantageKit_RIOConsoleSource" daemon [_thread_blocked, id=13166, stack(0x9f11c000,0x9f16c000)]
  0x9ee05b00 JavaThread "AdvantageKit_LogReceiver" daemon [_thread_blocked, id=13168, stack(0x9efb0000,0x9f000000)]
  0x9ee48cd8 JavaThread "AdvantageKit_RadioLogger" daemon [_thread_in_native, id=13221, stack(0x9ed30000,0x9ed80000)]

Other Threads:
  0xa6524558 VMThread "VM Thread" [stack: 0xa6680000,0xa6700000] [id=12219]
  0xa6578530 WatcherThread [stack: 0xa6220000,0xa62a0000] [id=12245]
  0xb63b6280 ConcurrentGCThread "Shenandoah Control Thread" [stack: 0xb3e0d000,0xb3e8d000] [id=12215] _threads_hazard_ptr=0x9ee49a30
  0xb639ce50 GCTaskThread "Shenandoah GC Threads#0" [stack: 0xb3ecf000,0xb3f4f000] [id=12214]

Threads with active compile tasks:

VM state: not at safepoint (normal execution)

VM Mutex/Monitor currently owned by a thread:  ([mutex/lock_event])
[0xb6386200] ClassLoaderDataGraph_lock - owner thread: 0xb63b6280

GC Precious Log:
 CPUs: 2 total, 2 available
 Memory: 497M
 Large Page Support: Disabled
 NUMA Support: Disabled
 Compressed Oops: Disabled
 Heap Min Capacity: 5M
 Heap Initial Capacity: 8M
 Heap Max Capacity: 200M
 Pre-touch: Disabled
 Parallel Workers: 1
 Concurrent Workers: 1

Heap:
Shenandoah Heap
 200M max, 200M soft max, 51968K committed, 51810K used
 800 x 256K regions
Status: marking, not cancelled
Reserved region:
 - [0xa7500000, 0xb3d00000) 
Collection set:
 - map (vanilla): 0x0000a9d4
 - map (biased):  0x00008000

 Metaspace       used 11332K, committed 11456K, reserved 16384K

Heap Regions:
Region state: EU=empty-uncommitted, EC=empty-committed, R=regular, H=humongous start, HP=pinned humongous start
              HC=humongous continuation, CS=collection set, TR=trash, P=pinned, CSP=pinned collection set
BTE=bottom/top/end, TAMS=top-at-mark-start
UWM=update watermark, U=used
T=TLAB allocs, G=GCLAB allocs
S=shared allocs, L=live data
CP=critical pins
|    0|R  |BTE     a7500000,     a7540000,     a7540000|TAMS     a7540000|UWM     a7500000|U   256K|T   256K|G     0B|S     0B|L     0B|CP   0
|    1|R  |BTE     a7540000,     a7580000,     a7580000|TAMS     a7580000|UWM     a7540000|U   256K|T   256K|G     0B|S     0B|L     0B|CP   0
|    2|R  |BTE     a7580000,     a75c0000,     a75c0000|TAMS     a75c0000|UWM     a7580000|U   256K|T   256K|G     0B|S     0B|L     0B|CP   0
|    3|H  |BTE     a75c0000,     a7600000,     a7600000|TAMS     a7600000|UWM     a75c0000|U   256K|T     0B|G     0B|S   256K|L     0B|CP   0
|    4|HC |BTE     a7600000,     a762c558,     a7640000|TAMS     a762c558|UWM     a7600000|U   177K|T     0B|G     0B|S   177K|L     0B|CP   0
|    5|R  |BTE     a7640000,     a7680000,     a7680000|TAMS     a7680000|UWM     a7640000|U   256K|T   202K|G     0B|S 54280B|L     0B|CP   0
|    6|R  |BTE     a7680000,     a76c0000,     a76c0000|TAMS     a76c0000|UWM     a7680000|U   256K|T   256K|G     0B|S     0B|L     0B|CP   0
|    7|H  |BTE     a76c0000,     a7700000,     a7700000|TAMS     a7700000|UWM     a76c0000|U   256K|T     0B|G     0B|S   256K|L     0B|CP   0
|    8|HC |BTE     a7700000,     a772c558,     a7740000|TAMS     a772c558|UWM     a7700000|U   177K|T     0B|G     0B|S   177K|L     0B|CP   0
|    9|R  |BTE     a7740000,     a7780000,     a7780000|TAMS     a7780000|UWM     a7740000|U   256K|T   256K|G     0B|S     0B|L     0B|CP   0
|   10|R  |BTE     a7780000,     a77c0000,     a77c0000|TAMS     a77c0000|UWM     a7780000|U   256K|T   256K|G     0B|S     0B|L     0B|CP   0
|   11|R  |BTE     a77c0000,     a7800000,     a7800000|TAMS     a7800000|UWM     a77c0000|U   256K|T   256K|G     0B|S     0B|L     0B|CP   0
|   12|R  |BTE     a7800000,     a7840000,     a7840000|TAMS     a7840000|UWM     a7800000|U   256K|T   256K|G     0B|S     0B|L     0B|CP   0
|   13|R  |BTE     a7840000,     a7880000,     a7880000|TAMS     a7880000|UWM     a7840000|U   256K|T   256K|G     0B|S     0B|L     0B|CP   0
|   14|R  |BTE     a7880000,     a78c0000,     a78c0000|TAMS     a78c0000|UWM     a7880000|U   256K|T   256K|G     0B|S     0B|L     0B|CP   0
|   15|R  |BTE     a78c0000,     a7900000,     a7900000|TAMS     a7900000|UWM     a78c0000|U   256K|T   256K|G     0B|S     0B|L     0B|CP   0
|   16|R  |BTE     a7900000,     a7940000,     a7940000|TAMS     a7940000|UWM     a7900000|U   256K|T   256K|G     0B|S     0B|L     0B|CP   0
|   17|R  |BTE     a7940000,     a7980000,     a7980000|TAMS     a7980000|UWM     a7940000|U   256K|T   256K|G     0B|S     0B|L     0B|CP   0
|   18|R  |BTE     a7980000,     a79c0000,     a79c0000|TAMS     a79c0000|UWM     a7980000|U   256K|T   256K|G     0B|S     0B|L     0B|CP   0
|   19|R  |BTE     a79c0000,     a7a00000,     a7a00000|TAMS     a7a00000|UWM     a79c0000|U   256K|T   256K|G     0B|S     0B|L     0B|CP   0
|   20|R  |BTE     a7a00000,     a7a40000,     a7a40000|TAMS     a7a40000|UWM     a7a00000|U   256K|T   256K|G     0B|S     0B|L     0B|CP   0
|   21|R  |BTE     a7a40000,     a7a80000,     a7a80000|TAMS     a7a80000|UWM     a7a40000|U   256K|T   239K|G     0B|S 16400B|L     0B|CP   0
|   22|R  |BTE     a7a80000,     a7ac0000,     a7ac0000|TAMS     a7ac0000|UWM     a7a80000|U   256K|T   223K|G     0B|S 32784B|L     0B|CP   0
|   23|R  |BTE     a7ac0000,     a7b00000,     a7b00000|TAMS     a7b00000|UWM     a7ac0000|U   256K|T   256K|G     0B|S     0B|L     0B|CP   0
|   24|R  |BTE     a7b00000,     a7b40000,     a7b40000|TAMS     a7b40000|UWM     a7b00000|U   256K|T   256K|G     0B|S     0B|L     0B|CP   0
|   25|R  |BTE     a7b40000,     a7b80000,     a7b80000|TAMS     a7b80000|UWM     a7b40000|U   256K|T   256K|G     0B|S     0B|L     0B|CP   0
|   26|R  |BTE     a7b80000,     a7bc0000,     a7bc0000|TAMS     a7bc0000|UWM     a7b80000|U   256K|T   256K|G     0B|S     0B|L     0B|CP   0
|   27|R  |BTE     a7bc0000,     a7c00000,     a7c00000|TAMS     a7c00000|UWM     a7bc0000|U   256K|T   256K|G     0B|S     0B|L     0B|CP   0
|   28|R  |BTE     a7c00000,     a7c40000,     a7c40000|TAMS     a7c40000|UWM     a7c00000|U   256K|T   223K|G     0B|S 32784B|L     0B|CP   0
|   29|R  |BTE     a7c40000,     a7c80000,     a7c80000|TAMS     a7c80000|UWM     a7c40000|U   256K|T   256K|G     0B|S     0B|L     0B|CP   0
|   30|R  |BTE     a7c80000,     a7cc0000,     a7cc0000|TAMS     a7cc0000|UWM     a7c80000|U   256K|T   256K|G     0B|S     0B|L     0B|CP   0
|   31|R  |BTE     a7cc0000,     a7d00000,     a7d00000|TAMS     a7d00000|UWM     a7cc0000|U   256K|T   256K|G     0B|S     0B|L     0B|CP   0
|   32|R  |BTE     a7d00000,     a7d40000,     a7d40000|TAMS     a7d40000|UWM     a7d00000|U   256K|T   256K|G     0B|S     0B|L     0B|CP   0
|   33|R  |BTE     a7d40000,     a7d80000,     a7d80000|TAMS     a7d80000|UWM     a7d40000|U   256K|T   256K|G     0B|S     0B|L     0B|CP   0
|   34|R  |BTE     a7d80000,     a7dc0000,     a7dc0000|TAMS     a7dc0000|UWM     a7d80000|U   256K|T   247K|G     0B|S  8928B|L     0B|CP   0
|   35|R  |BTE     a7dc0000,     a7e00000,     a7e00000|TAMS     a7e00000|UWM     a7dc0000|U   256K|T   256K|G     0B|S     0B|L     0B|CP   0
|   36|R  |BTE     a7e00000,     a7e40000,     a7e40000|TAMS     a7e40000|UWM     a7e00000|U   256K|T   256K|G     0B|S     0B|L     0B|CP   0
|   37|R  |BTE     a7e40000,     a7e80000,     a7e80000|TAMS     a7e80000|UWM     a7e40000|U   256K|T   149K|G     0B|S   106K|L     0B|CP   0
|   38|R  |BTE     a7e80000,     a7ec0000,     a7ec0000|TAMS     a7ec0000|UWM     a7e80000|U   256K|T   256K|G     0B|S     0B|L     0B|CP   0
|   39|R  |BTE     a7ec0000,     a7f00000,     a7f00000|TAMS     a7f00000|UWM     a7ec0000|U   256K|T   113K|G     0B|S   142K|L     0B|CP   0
|   40|R  |BTE     a7f00000,     a7f40000,     a7f40000|TAMS     a7f40000|UWM     a7f00000|U   256K|T   256K|G     0B|S     0B|L     0B|CP   0
|   41|R  |BTE     a7f40000,     a7f80000,     a7f80000|TAMS     a7f80000|UWM     a7f40000|U   256K|T   136K|G     0B|S   119K|L     0B|CP   0
|   42|R  |BTE     a7f80000,     a7fc0000,     a7fc0000|TAMS     a7fc0000|UWM     a7f80000|U   256K|T 78560B|G     0B|S   179K|L     0B|CP   0
|   43|R  |BTE     a7fc0000,     a8000000,     a8000000|TAMS     a8000000|UWM     a7fc0000|U   256K|T   256K|G     0B|S     0B|L     0B|CP   0
|   44|R  |BTE     a8000000,     a8040000,     a8040000|TAMS     a8040000|UWM     a8000000|U   256K|T   204K|G     0B|S 52488B|L     0B|CP   0
|   45|R  |BTE     a8040000,     a8080000,     a8080000|TAMS     a8080000|UWM     a8040000|U   256K|T   211K|G     0B|S 45952B|L     0B|CP   0
|   46|R  |BTE     a8080000,     a80c0000,     a80c0000|TAMS     a80c0000|UWM     a8080000|U   256K|T   256K|G     0B|S     0B|L     0B|CP   0
|   47|R  |BTE     a80c0000,     a8100000,     a8100000|TAMS     a8100000|UWM     a80c0000|U   256K|T   256K|G     0B|S     0B|L     0B|CP   0
|   48|R  |BTE     a8100000,     a8140000,     a8140000|TAMS     a8140000|UWM     a8100000|U   256K|T   210K|G     0B|S 46592B|L     0B|CP   0
|   49|R  |BTE     a8140000,     a8180000,     a8180000|TAMS     a8180000|UWM     a8140000|U   256K|T   256K|G     0B|S     0B|L     0B|CP   0
|   50|R  |BTE     a8180000,     a81c0000,     a81c0000|TAMS     a81c0000|UWM     a8180000|U   256K|T   211K|G     0B|S 45472B|L     0B|CP   0
|   51|R  |BTE     a81c0000,     a8200000,     a8200000|TAMS     a8200000|UWM     a81c0000|U   256K|T   210K|G     0B|S 46408B|L     0B|CP   0
|   52|R  |BTE     a8200000,     a8240000,     a8240000|TAMS     a8240000|UWM     a8200000|U   256K|T   179K|G     0B|S 78328B|L     0B|CP   0
|   53|R  |BTE     a8240000,     a8280000,     a8280000|TAMS     a8280000|UWM     a8240000|U   256K|T   256K|G     0B|S     0B|L     0B|CP   0
|   54|R  |BTE     a8280000,     a82c0000,     a82c0000|TAMS     a82c0000|UWM     a8280000|U   256K|T   256K|G     0B|S     0B|L     0B|CP   0
|   55|R  |BTE     a82c0000,     a8300000,     a8300000|TAMS     a8300000|UWM     a82c0000|U   256K|T   256K|G     0B|S     0B|L     0B|CP   0
|   56|R  |BTE     a8300000,     a8340000,     a8340000|TAMS     a8340000|UWM     a8300000|U   256K|T   256K|G     0B|S     0B|L     0B|CP   0
|   57|R  |BTE     a8340000,     a8380000,     a8380000|TAMS     a8380000|UWM     a8340000|U   256K|T   241K|G     0B|S 14520B|L     0B|CP   0
|   58|R  |BTE     a8380000,     a83c0000,     a83c0000|TAMS     a83c0000|UWM     a8380000|U   256K|T   219K|G     0B|S 37768B|L     0B|CP   0
|   59|R  |BTE     a83c0000,     a8400000,     a8400000|TAMS     a8400000|UWM     a83c0000|U   256K|T   256K|G     0B|S     0B|L     0B|CP   0
|   60|R  |BTE     a8400000,     a8440000,     a8440000|TAMS     a8440000|UWM     a8400000|U   256K|T   256K|G     0B|S     0B|L     0B|CP   0
|   61|R  |BTE     a8440000,     a8480000,     a8480000|TAMS     a8480000|UWM     a8440000|U   256K|T   256K|G     0B|S     0B|L     0B|CP   0
|   62|R  |BTE     a8480000,     a84c0000,     a84c0000|TAMS     a84c0000|UWM     a8480000|U   256K|T   256K|G     0B|S     0B|L     0B|CP   0
|   63|R  |BTE     a84c0000,     a8500000,     a8500000|TAMS     a8500000|UWM     a84c0000|U   256K|T   256K|G     0B|S     0B|L     0B|CP   0
|   64|R  |BTE     a8500000,     a8540000,     a8540000|TAMS     a8540000|UWM     a8500000|U   256K|T   256K|G     0B|S     0B|L     0B|CP   0
|   65|R  |BTE     a8540000,     a8580000,     a8580000|TAMS     a8580000|UWM     a8540000|U   256K|T 57120B|G     0B|S   200K|L     0B|CP   0
|   66|R  |BTE     a8580000,     a85c0000,     a85c0000|TAMS     a85c0000|UWM     a8580000|U   256K|T   256K|G     0B|S     0B|L     0B|CP   0
|   67|R  |BTE     a85c0000,     a8600000,     a8600000|TAMS     a8600000|UWM     a85c0000|U   256K|T   256K|G     0B|S     0B|L     0B|CP   0
|   68|R  |BTE     a8600000,     a8640000,     a8640000|TAMS     a8640000|UWM     a8600000|U   256K|T   256K|G     0B|S     0B|L     0B|CP   0
|   69|R  |BTE     a8640000,     a8680000,     a8680000|TAMS     a8680000|UWM     a8640000|U   256K|T   248K|G     0B|S  7184B|L     0B|CP   0
|   70|R  |BTE     a8680000,     a86c0000,     a86c0000|TAMS     a86c0000|UWM     a8680000|U   256K|T   256K|G     0B|S     0B|L     0B|CP   0
|   71|R  |BTE     a86c0000,     a8700000,     a8700000|TAMS     a8700000|UWM     a86c0000|U   256K|T   256K|G     0B|S     0B|L     0B|CP   0
|   72|R  |BTE     a8700000,     a8740000,     a8740000|TAMS     a8740000|UWM     a8700000|U   256K|T   256K|G     0B|S     0B|L     0B|CP   0
|   73|R  |BTE     a8740000,     a8780000,     a8780000|TAMS     a8780000|UWM     a8740000|U   256K|T   256K|G     0B|S     0B|L     0B|CP   0
|   74|R  |BTE     a8780000,     a87c0000,     a87c0000|TAMS     a87c0000|UWM     a8780000|U   256K|T   256K|G     0B|S     0B|L     0B|CP   0
|   75|R  |BTE     a87c0000,     a8800000,     a8800000|TAMS     a8800000|UWM     a87c0000|U   256K|T   256K|G     0B|S     0B|L     0B|CP   0
|   76|R  |BTE     a8800000,     a8840000,     a8840000|TAMS     a8840000|UWM     a8800000|U   256K|T   256K|G     0B|S     0B|L     0B|CP   0
|   77|R  |BTE     a8840000,     a8880000,     a8880000|TAMS     a8880000|UWM     a8840000|U   256K|T   256K|G     0B|S     0B|L     0B|CP   0
|   78|R  |BTE     a8880000,     a88c0000,     a88c0000|TAMS     a88c0000|UWM     a8880000|U   256K|T   256K|G     0B|S     0B|L     0B|CP   0
|   79|R  |BTE     a88c0000,     a8900000,     a8900000|TAMS     a8900000|UWM     a88c0000|U   256K|T   256K|G     0B|S     0B|L     0B|CP   0
|   80|R  |BTE     a8900000,     a8940000,     a8940000|TAMS     a8940000|UWM     a8900000|U   256K|T   256K|G     0B|S     0B|L     0B|CP   0
|   81|R  |BTE     a8940000,     a8980000,     a8980000|TAMS     a8980000|UWM     a8940000|U   256K|T   216K|G     0B|S 40248B|L     0B|CP   0
|   82|R  |BTE     a8980000,     a89c0000,     a89c0000|TAMS     a89c0000|UWM     a8980000|U   256K|T   256K|G     0B|S     0B|L     0B|CP   0
|   83|R  |BTE     a89c0000,     a8a00000,     a8a00000|TAMS     a8a00000|UWM     a89c0000|U   256K|T   246K|G     0B|S 10064B|L     0B|CP   0
|   84|R  |BTE     a8a00000,     a8a40000,     a8a40000|TAMS     a8a40000|UWM     a8a00000|U   256K|T   256K|G     0B|S     0B|L     0B|CP   0
|   85|R  |BTE     a8a40000,     a8a80000,     a8a80000|TAMS     a8a80000|UWM     a8a40000|U   256K|T   256K|G     0B|S     0B|L     0B|CP   0
|   86|R  |BTE     a8a80000,     a8ac0000,     a8ac0000|TAMS     a8ac0000|UWM     a8a80000|U   256K|T   256K|G     0B|S     0B|L     0B|CP   0
|   87|R  |BTE     a8ac0000,     a8b00000,     a8b00000|TAMS     a8b00000|UWM     a8ac0000|U   256K|T   239K|G     0B|S 16728B|L     0B|CP   0
|   88|R  |BTE     a8b00000,     a8b40000,     a8b40000|TAMS     a8b40000|UWM     a8b00000|U   256K|T   256K|G     0B|S     0B|L     0B|CP   0
|   89|R  |BTE     a8b40000,     a8b80000,     a8b80000|TAMS     a8b80000|UWM     a8b40000|U   256K|T   256K|G     0B|S     0B|L     0B|CP   0
|   90|R  |BTE     a8b80000,     a8bc0000,     a8bc0000|TAMS     a8bc0000|UWM     a8b80000|U   256K|T   220K|G     0B|S 36720B|L     0B|CP   0
|   91|R  |BTE     a8bc0000,     a8c00000,     a8c00000|TAMS     a8c00000|UWM     a8bc0000|U   256K|T   237K|G     0B|S 19088B|L     0B|CP   0
|   92|R  |BTE     a8c00000,     a8c40000,     a8c40000|TAMS     a8c40000|UWM     a8c00000|U   256K|T   211K|G     0B|S 45736B|L     0B|CP   0
|   93|R  |BTE     a8c40000,     a8c80000,     a8c80000|TAMS     a8c80000|UWM     a8c40000|U   256K|T   256K|G     0B|S     0B|L     0B|CP   0
|   94|R  |BTE     a8c80000,     a8cc0000,     a8cc0000|TAMS     a8cc0000|UWM     a8c80000|U   256K|T   256K|G     0B|S     0B|L     0B|CP   0
|   95|R  |BTE     a8cc0000,     a8d00000,     a8d00000|TAMS     a8d00000|UWM     a8cc0000|U   256K|T   176K|G     0B|S 81256B|L     0B|CP   0
|   96|R  |BTE     a8d00000,     a8d40000,     a8d40000|TAMS     a8d40000|UWM     a8d00000|U   256K|T   256K|G     0B|S     0B|L     0B|CP   0
|   97|R  |BTE     a8d40000,     a8d80000,     a8d80000|TAMS     a8d80000|UWM     a8d40000|U   256K|T   247K|G     0B|S  8392B|L     0B|CP   0
|   98|R  |BTE     a8d80000,     a8dc0000,     a8dc0000|TAMS     a8dc0000|UWM     a8d80000|U   256K|T   256K|G     0B|S     0B|L     0B|CP   0
|   99|R  |BTE     a8dc0000,     a8e00000,     a8e00000|TAMS     a8e00000|UWM     a8dc0000|U   256K|T   256K|G     0B|S     0B|L     0B|CP   0
|  100|R  |BTE     a8e00000,     a8e40000,     a8e40000|TAMS     a8e40000|UWM     a8e00000|U   256K|T   256K|G     0B|S     0B|L     0B|CP   0
|  101|R  |BTE     a8e40000,     a8e80000,     a8e80000|TAMS     a8e80000|UWM     a8e40000|U   256K|T   256K|G     0B|S     0B|L     0B|CP   0
|  102|R  |BTE     a8e80000,     a8ec0000,     a8ec0000|TAMS     a8ec0000|UWM     a8e80000|U   256K|T   256K|G     0B|S     0B|L     0B|CP   0
|  103|R  |BTE     a8ec0000,     a8f00000,     a8f00000|TAMS     a8f00000|UWM     a8ec0000|U   256K|T   256K|G     0B|S     0B|L     0B|CP   0
|  104|R  |BTE     a8f00000,     a8f40000,     a8f40000|TAMS     a8f40000|UWM     a8f00000|U   256K|T   256K|G     0B|S     0B|L     0B|CP   0
|  105|R  |BTE     a8f40000,     a8f80000,     a8f80000|TAMS     a8f80000|UWM     a8f40000|U   256K|T   256K|G     0B|S     0B|L     0B|CP   0
|  106|R  |BTE     a8f80000,     a8fc0000,     a8fc0000|TAMS     a8fc0000|UWM     a8f80000|U   256K|T   256K|G     0B|S     0B|L     0B|CP   0
|  107|R  |BTE     a8fc0000,     a9000000,     a9000000|TAMS     a9000000|UWM     a8fc0000|U   256K|T   256K|G     0B|S     0B|L     0B|CP   0
|  108|R  |BTE     a9000000,     a9040000,     a9040000|TAMS     a9040000|UWM     a9000000|U   256K|T   256K|G     0B|S     0B|L     0B|CP   0
|  109|R  |BTE     a9040000,     a9080000,     a9080000|TAMS     a9080000|UWM     a9040000|U   256K|T   256K|G     0B|S     0B|L     0B|CP   0
|  110|R  |BTE     a9080000,     a90c0000,     a90c0000|TAMS     a90c0000|UWM     a9080000|U   256K|T   256K|G     0B|S     0B|L     0B|CP   0
|  111|R  |BTE     a90c0000,     a9100000,     a9100000|TAMS     a9100000|UWM     a90c0000|U   256K|T   256K|G     0B|S     0B|L     0B|CP   0
|  112|R  |BTE     a9100000,     a9140000,     a9140000|TAMS     a9140000|UWM     a9100000|U   256K|T   256K|G     0B|S     0B|L     0B|CP   0
|  113|R  |BTE     a9140000,     a9180000,     a9180000|TAMS     a9180000|UWM     a9140000|U   256K|T   256K|G     0B|S     0B|L     0B|CP   0
|  114|R  |BTE     a9180000,     a91c0000,     a91c0000|TAMS     a91c0000|UWM     a9180000|U   256K|T   256K|G     0B|S     0B|L     0B|CP   0
|  115|R  |BTE     a91c0000,     a9200000,     a9200000|TAMS     a9200000|UWM     a91c0000|U   256K|T   256K|G     0B|S     0B|L     0B|CP   0
|  116|R  |BTE     a9200000,     a9240000,     a9240000|TAMS     a9240000|UWM     a9200000|U   256K|T   256K|G     0B|S     0B|L     0B|CP   0
|  117|R  |BTE     a9240000,     a9280000,     a9280000|TAMS     a9280000|UWM     a9240000|U   256K|T   256K|G     0B|S     0B|L     0B|CP   0
|  118|R  |BTE     a9280000,     a92c0000,     a92c0000|TAMS     a92c0000|UWM     a9280000|U   256K|T   256K|G     0B|S     0B|L     0B|CP   0
|  119|R  |BTE     a92c0000,     a9300000,     a9300000|TAMS     a9300000|UWM     a92c0000|U   256K|T   256K|G     0B|S     0B|L     0B|CP   0
|  120|R  |BTE     a9300000,     a9340000,     a9340000|TAMS     a9340000|UWM     a9300000|U   256K|T   256K|G     0B|S     0B|L     0B|CP   0
|  121|R  |BTE     a9340000,     a9380000,     a9380000|TAMS     a9380000|UWM     a9340000|U   256K|T   256K|G     0B|S     0B|L     0B|CP   0
|  122|R  |BTE     a9380000,     a93c0000,     a93c0000|TAMS     a93c0000|UWM     a9380000|U   256K|T   256K|G     0B|S     0B|L     0B|CP   0
|  123|R  |BTE     a93c0000,     a9400000,     a9400000|TAMS     a9400000|UWM     a93c0000|U   256K|T   256K|G     0B|S     0B|L     0B|CP   0
|  124|R  |BTE     a9400000,     a9440000,     a9440000|TAMS     a9440000|UWM     a9400000|U   256K|T   256K|G     0B|S     0B|L     0B|CP   0
|  125|R  |BTE     a9440000,     a9480000,     a9480000|TAMS     a9480000|UWM     a9440000|U   256K|T   256K|G     0B|S     0B|L     0B|CP   0
|  126|R  |BTE     a9480000,     a94c0000,     a94c0000|TAMS     a94c0000|UWM     a9480000|U   256K|T   256K|G     0B|S     0B|L     0B|CP   0
|  127|R  |BTE     a94c0000,     a9500000,     a9500000|TAMS     a9500000|UWM     a94c0000|U   256K|T   256K|G     0B|S     0B|L     0B|CP   0
|  128|R  |BTE     a9500000,     a9540000,     a9540000|TAMS     a9540000|UWM     a9500000|U   256K|T   256K|G     0B|S     0B|L     0B|CP   0
|  129|R  |BTE     a9540000,     a9580000,     a9580000|TAMS     a9580000|UWM     a9540000|U   256K|T   256K|G     0B|S     0B|L     0B|CP   0
|  130|R  |BTE     a9580000,     a95c0000,     a95c0000|TAMS     a95c0000|UWM     a9580000|U   256K|T   256K|G     0B|S     0B|L     0B|CP   0
|  131|R  |BTE     a95c0000,     a9600000,     a9600000|TAMS     a9600000|UWM     a95c0000|U   256K|T   256K|G     0B|S     0B|L     0B|CP   0
|  132|R  |BTE     a9600000,     a9640000,     a9640000|TAMS     a9640000|UWM     a9600000|U   256K|T   256K|G     0B|S     0B|L     0B|CP   0
|  133|R  |BTE     a9640000,     a9680000,     a9680000|TAMS     a9680000|UWM     a9640000|U   256K|T   256K|G     0B|S     0B|L     0B|CP   0
|  134|R  |BTE     a9680000,     a96c0000,     a96c0000|TAMS     a96c0000|UWM     a9680000|U   256K|T   256K|G     0B|S     0B|L     0B|CP   0
|  135|R  |BTE     a96c0000,     a9700000,     a9700000|TAMS     a9700000|UWM     a96c0000|U   256K|T   256K|G     0B|S     0B|L     0B|CP   0
|  136|R  |BTE     a9700000,     a9740000,     a9740000|TAMS     a9740000|UWM     a9700000|U   256K|T   256K|G     0B|S     0B|L     0B|CP   0
|  137|R  |BTE     a9740000,     a9780000,     a9780000|TAMS     a9780000|UWM     a9740000|U   256K|T   256K|G     0B|S     0B|L     0B|CP   0
|  138|R  |BTE     a9780000,     a97c0000,     a97c0000|TAMS     a97c0000|UWM     a9780000|U   256K|T   256K|G     0B|S     0B|L     0B|CP   0
|  139|R  |BTE     a97c0000,     a9800000,     a9800000|TAMS     a9800000|UWM     a97c0000|U   256K|T   256K|G     0B|S     0B|L     0B|CP   0
|  140|R  |BTE     a9800000,     a9840000,     a9840000|TAMS     a9840000|UWM     a9800000|U   256K|T   256K|G     0B|S     0B|L     0B|CP   0
|  141|R  |BTE     a9840000,     a9880000,     a9880000|TAMS     a9880000|UWM     a9840000|U   256K|T   256K|G     0B|S     0B|L     0B|CP   0
|  142|R  |BTE     a9880000,     a98c0000,     a98c0000|TAMS     a98c0000|UWM     a9880000|U   256K|T   256K|G     0B|S     0B|L     0B|CP   0
|  143|R  |BTE     a98c0000,     a9900000,     a9900000|TAMS     a9900000|UWM     a98c0000|U   256K|T   256K|G     0B|S     0B|L     0B|CP   0
|  144|R  |BTE     a9900000,     a9940000,     a9940000|TAMS     a9940000|UWM     a9900000|U   256K|T   256K|G     0B|S     0B|L     0B|CP   0
|  145|R  |BTE     a9940000,     a9980000,     a9980000|TAMS     a9980000|UWM     a9940000|U   256K|T   256K|G     0B|S     0B|L     0B|CP   0
|  146|R  |BTE     a9980000,     a99c0000,     a99c0000|TAMS     a99c0000|UWM     a9980000|U   256K|T   256K|G     0B|S     0B|L     0B|CP   0
|  147|R  |BTE     a99c0000,     a9a00000,     a9a00000|TAMS     a9a00000|UWM     a99c0000|U   256K|T   256K|G     0B|S     0B|L     0B|CP   0
|  148|R  |BTE     a9a00000,     a9a40000,     a9a40000|TAMS     a9a40000|UWM     a9a00000|U   256K|T   256K|G     0B|S     0B|L     0B|CP   0
|  149|R  |BTE     a9a40000,     a9a80000,     a9a80000|TAMS     a9a80000|UWM     a9a40000|U   256K|T   256K|G     0B|S     0B|L     0B|CP   0
|  150|R  |BTE     a9a80000,     a9ac0000,     a9ac0000|TAMS     a9ac0000|UWM     a9a80000|U   256K|T   256K|G     0B|S     0B|L     0B|CP   0
|  151|R  |BTE     a9ac0000,     a9b00000,     a9b00000|TAMS     a9b00000|UWM     a9ac0000|U   256K|T   256K|G     0B|S     0B|L     0B|CP   0
|  152|R  |BTE     a9b00000,     a9b40000,     a9b40000|TAMS     a9b40000|UWM     a9b00000|U   256K|T   256K|G     0B|S     0B|L     0B|CP   0
|  153|R  |BTE     a9b40000,     a9b80000,     a9b80000|TAMS     a9b80000|UWM     a9b40000|U   256K|T   256K|G     0B|S     0B|L     0B|CP   0
|  154|R  |BTE     a9b80000,     a9bc0000,     a9bc0000|TAMS     a9bc0000|UWM     a9b80000|U   256K|T   256K|G     0B|S     0B|L     0B|CP   0
|  155|R  |BTE     a9bc0000,     a9c00000,     a9c00000|TAMS     a9c00000|UWM     a9bc0000|U   256K|T   256K|G     0B|S     0B|L     0B|CP   0
|  156|R  |BTE     a9c00000,     a9c40000,     a9c40000|TAMS     a9c40000|UWM     a9c00000|U   256K|T   256K|G     0B|S     0B|L     0B|CP   0
|  157|R  |BTE     a9c40000,     a9c80000,     a9c80000|TAMS     a9c80000|UWM     a9c40000|U   256K|T   256K|G     0B|S     0B|L     0B|CP   0
|  158|R  |BTE     a9c80000,     a9cc0000,     a9cc0000|TAMS     a9cc0000|UWM     a9c80000|U   256K|T   256K|G     0B|S     0B|L     0B|CP   0
|  159|R  |BTE     a9cc0000,     a9d00000,     a9d00000|TAMS     a9d00000|UWM     a9cc0000|U   256K|T   256K|G     0B|S     0B|L     0B|CP   0
|  160|R  |BTE     a9d00000,     a9d40000,     a9d40000|TAMS     a9d40000|UWM     a9d00000|U   256K|T   256K|G     0B|S     0B|L     0B|CP   0
|  161|R  |BTE     a9d40000,     a9d80000,     a9d80000|TAMS     a9d80000|UWM     a9d40000|U   256K|T   256K|G     0B|S     0B|L     0B|CP   0
|  162|R  |BTE     a9d80000,     a9dc0000,     a9dc0000|TAMS     a9dc0000|UWM     a9d80000|U   256K|T   256K|G     0B|S     0B|L     0B|CP   0
|  163|R  |BTE     a9dc0000,     a9e00000,     a9e00000|TAMS     a9e00000|UWM     a9dc0000|U   256K|T   256K|G     0B|S     0B|L     0B|CP   0
|  164|R  |BTE     a9e00000,     a9e40000,     a9e40000|TAMS     a9e40000|UWM     a9e00000|U   256K|T   256K|G     0B|S     0B|L     0B|CP   0
|  165|R  |BTE     a9e40000,     a9e80000,     a9e80000|TAMS     a9e80000|UWM     a9e40000|U   256K|T   256K|G     0B|S     0B|L     0B|CP   0
|  166|R  |BTE     a9e80000,     a9ec0000,     a9ec0000|TAMS     a9ec0000|UWM     a9e80000|U   256K|T   256K|G     0B|S     0B|L     0B|CP   0
|  167|R  |BTE     a9ec0000,     a9f00000,     a9f00000|TAMS     a9f00000|UWM     a9ec0000|U   256K|T   256K|G     0B|S     0B|L     0B|CP   0
|  168|R  |BTE     a9f00000,     a9f40000,     a9f40000|TAMS     a9f40000|UWM     a9f00000|U   256K|T   256K|G     0B|S     0B|L     0B|CP   0
|  169|R  |BTE     a9f40000,     a9f80000,     a9f80000|TAMS     a9f80000|UWM     a9f40000|U   256K|T   256K|G     0B|S     0B|L     0B|CP   0
|  170|R  |BTE     a9f80000,     a9fc0000,     a9fc0000|TAMS     a9fc0000|UWM     a9f80000|U   256K|T   256K|G     0B|S     0B|L     0B|CP   0
|  171|R  |BTE     a9fc0000,     aa000000,     aa000000|TAMS     aa000000|UWM     a9fc0000|U   256K|T   256K|G     0B|S     0B|L     0B|CP   0
|  172|R  |BTE     aa000000,     aa040000,     aa040000|TAMS     aa040000|UWM     aa000000|U   256K|T   256K|G     0B|S     0B|L     0B|CP   0
|  173|R  |BTE     aa040000,     aa080000,     aa080000|TAMS     aa080000|UWM     aa040000|U   256K|T   256K|G     0B|S     0B|L     0B|CP   0
|  174|R  |BTE     aa080000,     aa0c0000,     aa0c0000|TAMS     aa0c0000|UWM     aa080000|U   256K|T   256K|G     0B|S     0B|L     0B|CP   0
|  175|R  |BTE     aa0c0000,     aa100000,     aa100000|TAMS     aa100000|UWM     aa0c0000|U   256K|T   256K|G     0B|S     0B|L     0B|CP   0
|  176|R  |BTE     aa100000,     aa140000,     aa140000|TAMS     aa140000|UWM     aa100000|U   256K|T   256K|G     0B|S     0B|L     0B|CP   0
|  177|R  |BTE     aa140000,     aa180000,     aa180000|TAMS     aa180000|UWM     aa140000|U   256K|T   256K|G     0B|S     0B|L     0B|CP   0
|  178|R  |BTE     aa180000,     aa1c0000,     aa1c0000|TAMS     aa1c0000|UWM     aa180000|U   256K|T   256K|G     0B|S     0B|L     0B|CP   0
|  179|R  |BTE     aa1c0000,     aa200000,     aa200000|TAMS     aa200000|UWM     aa1c0000|U   256K|T   256K|G     0B|S     0B|L     0B|CP   0
|  180|R  |BTE     aa200000,     aa240000,     aa240000|TAMS     aa240000|UWM     aa200000|U   256K|T   256K|G     0B|S     0B|L     0B|CP   0
|  181|R  |BTE     aa240000,     aa280000,     aa280000|TAMS     aa280000|UWM     aa240000|U   256K|T   256K|G     0B|S     0B|L     0B|CP   0
|  182|R  |BTE     aa280000,     aa2c0000,     aa2c0000|TAMS     aa2c0000|UWM     aa280000|U   256K|T   256K|G     0B|S     0B|L     0B|CP   0
|  183|R  |BTE     aa2c0000,     aa300000,     aa300000|TAMS     aa300000|UWM     aa2c0000|U   256K|T   256K|G     0B|S     0B|L     0B|CP   0
|  184|R  |BTE     aa300000,     aa340000,     aa340000|TAMS     aa340000|UWM     aa300000|U   256K|T   256K|G     0B|S     0B|L     0B|CP   0
|  185|R  |BTE     aa340000,     aa380000,     aa380000|TAMS     aa380000|UWM     aa340000|U   256K|T   256K|G     0B|S     0B|L     0B|CP   0
|  186|R  |BTE     aa380000,     aa3c0000,     aa3c0000|TAMS     aa3c0000|UWM     aa380000|U   256K|T   256K|G     0B|S     0B|L     0B|CP   0
|  187|R  |BTE     aa3c0000,     aa400000,     aa400000|TAMS     aa400000|UWM     aa3c0000|U   256K|T   256K|G     0B|S     0B|L     0B|CP   0
|  188|R  |BTE     aa400000,     aa440000,     aa440000|TAMS     aa440000|UWM     aa400000|U   256K|T   256K|G     0B|S     0B|L     0B|CP   0
|  189|R  |BTE     aa440000,     aa480000,     aa480000|TAMS     aa480000|UWM     aa440000|U   256K|T   256K|G     0B|S     0B|L     0B|CP   0
|  190|R  |BTE     aa480000,     aa4c0000,     aa4c0000|TAMS     aa4c0000|UWM     aa480000|U   256K|T   256K|G     0B|S     0B|L     0B|CP   0
|  191|R  |BTE     aa4c0000,     aa500000,     aa500000|TAMS     aa500000|UWM     aa4c0000|U   256K|T   256K|G     0B|S     0B|L     0B|CP   0
|  192|R  |BTE     aa500000,     aa540000,     aa540000|TAMS     aa540000|UWM     aa500000|U   256K|T   256K|G     0B|S     0B|L     0B|CP   0
|  193|R  |BTE     aa540000,     aa580000,     aa580000|TAMS     aa580000|UWM     aa540000|U   256K|T   256K|G     0B|S     0B|L     0B|CP   0
|  194|R  |BTE     aa580000,     aa5c0000,     aa5c0000|TAMS     aa5c0000|UWM     aa580000|U   256K|T   256K|G     0B|S     0B|L     0B|CP   0
|  195|R  |BTE     aa5c0000,     aa600000,     aa600000|TAMS     aa600000|UWM     aa5c0000|U   256K|T   256K|G     0B|S     0B|L     0B|CP   0
|  196|R  |BTE     aa600000,     aa640000,     aa640000|TAMS     aa640000|UWM     aa600000|U   256K|T   256K|G     0B|S     0B|L     0B|CP   0
|  197|R  |BTE     aa640000,     aa680000,     aa680000|TAMS     aa680000|UWM     aa640000|U   256K|T   256K|G     0B|S     0B|L     0B|CP   0
|  198|R  |BTE     aa680000,     aa6c0000,     aa6c0000|TAMS     aa6c0000|UWM     aa680000|U   256K|T   256K|G     0B|S     0B|L     0B|CP   0
|  199|R  |BTE     aa6c0000,     aa700000,     aa700000|TAMS     aa700000|UWM     aa6c0000|U   256K|T   256K|G     0B|S     0B|L     0B|CP   0
|  200|R  |BTE     aa700000,     aa740000,     aa740000|TAMS     aa740000|UWM     aa700000|U   256K|T   256K|G     0B|S     0B|L     0B|CP   0
|  201|R  |BTE     aa740000,     aa780000,     aa780000|TAMS     aa740000|UWM     aa740000|U   256K|T   256K|G     0B|S     0B|L     0B|CP   0
|  202|R  |BTE     aa780000,     aa7c0000,     aa7c0000|TAMS     aa780000|UWM     aa780000|U   256K|T   256K|G     0B|S     0B|L     0B|CP   0
|  203|EU |BTE     aa7c0000,     aa7c0000,     aa800000|TAMS     aa7c0000|UWM     aa7c0000|U     0B|T     0B|G     0B|S     0B|L     0B|CP   0
|  204|EU |BTE     aa800000,     aa800000,     aa840000|TAMS     aa800000|UWM     aa800000|U     0B|T     0B|G     0B|S     0B|L     0B|CP   0
|  205|EU |BTE     aa840000,     aa840000,     aa880000|TAMS     aa840000|UWM     aa840000|U     0B|T     0B|G     0B|S     0B|L     0B|CP   0
|  206|EU |BTE     aa880000,     aa880000,     aa8c0000|TAMS     aa880000|UWM     aa880000|U     0B|T     0B|G     0B|S     0B|L     0B|CP   0
|  207|EU |BTE     aa8c0000,     aa8c0000,     aa900000|TAMS     aa8c0000|UWM     aa8c0000|U     0B|T     0B|G     0B|S     0B|L     0B|CP   0
|  208|EU |BTE     aa900000,     aa900000,     aa940000|TAMS     aa900000|UWM     aa900000|U     0B|T     0B|G     0B|S     0B|L     0B|CP   0
|  209|EU |BTE     aa940000,     aa940000,     aa980000|TAMS     aa940000|UWM     aa940000|U     0B|T     0B|G     0B|S     0B|L     0B|CP   0
|  210|EU |BTE     aa980000,     aa980000,     aa9c0000|TAMS     aa980000|UWM     aa980000|U     0B|T     0B|G     0B|S     0B|L     0B|CP   0
|  211|EU |BTE     aa9c0000,     aa9c0000,     aaa00000|TAMS     aa9c0000|UWM     aa9c0000|U     0B|T     0B|G     0B|S     0B|L     0B|CP   0
|  212|EU |BTE     aaa00000,     aaa00000,     aaa40000|TAMS     aaa00000|UWM     aaa00000|U     0B|T     0B|G     0B|S     0B|L     0B|CP   0
|  213|EU |BTE     aaa40000,     aaa40000,     aaa80000|TAMS     aaa40000|UWM     aaa40000|U     0B|T     0B|G     0B|S     0B|L     0B|CP   0
|  214|EU |BTE     aaa80000,     aaa80000,     aaac0000|TAMS     aaa80000|UWM     aaa80000|U     0B|T     0B|G     0B|S     0B|L     0B|CP   0
|  215|EU |BTE     aaac0000,     aaac0000,     aab00000|TAMS     aaac0000|UWM     aaac0000|U     0B|T     0B|G     0B|S     0B|L     0B|CP   0
|  216|EU |BTE     aab00000,     aab00000,     aab40000|TAMS     aab00000|UWM     aab00000|U     0B|T     0B|G     0B|S     0B|L     0B|CP   0
|  217|EU |BTE     aab40000,     aab40000,     aab80000|TAMS     aab40000|UWM     aab40000|U     0B|T     0B|G     0B|S     0B|L     0B|CP   0
|  218|EU |BTE     aab80000,     aab80000,     aabc0000|TAMS     aab80000|UWM     aab80000|U     0B|T     0B|G     0B|S     0B|L     0B|CP   0
|  219|EU |BTE     aabc0000,     aabc0000,     aac00000|TAMS     aabc0000|UWM     aabc0000|U     0B|T     0B|G     0B|S     0B|L     0B|CP   0
|  220|EU |BTE     aac00000,     aac00000,     aac40000|TAMS     aac00000|UWM     aac00000|U     0B|T     0B|G     0B|S     0B|L     0B|CP   0
|  221|EU |BTE     aac40000,     aac40000,     aac80000|TAMS     aac40000|UWM     aac40000|U     0B|T     0B|G     0B|S     0B|L     0B|CP   0
|  222|EU |BTE     aac80000,     aac80000,     aacc0000|TAMS     aac80000|UWM     aac80000|U     0B|T     0B|G     0B|S     0B|L     0B|CP   0
|  223|EU |BTE     aacc0000,     aacc0000,     aad00000|TAMS     aacc0000|UWM     aacc0000|U     0B|T     0B|G     0B|S     0B|L     0B|CP   0
|  224|EU |BTE     aad00000,     aad00000,     aad40000|TAMS     aad00000|UWM     aad00000|U     0B|T     0B|G     0B|S     0B|L     0B|CP   0
|  225|EU |BTE     aad40000,     aad40000,     aad80000|TAMS     aad40000|UWM     aad40000|U     0B|T     0B|G     0B|S     0B|L     0B|CP   0
|  226|EU |BTE     aad80000,     aad80000,     aadc0000|TAMS     aad80000|UWM     aad80000|U     0B|T     0B|G     0B|S     0B|L     0B|CP   0
|  227|EU |BTE     aadc0000,     aadc0000,     aae00000|TAMS     aadc0000|UWM     aadc0000|U     0B|T     0B|G     0B|S     0B|L     0B|CP   0
|  228|EU |BTE     aae00000,     aae00000,     aae40000|TAMS     aae00000|UWM     aae00000|U     0B|T     0B|G     0B|S     0B|L     0B|CP   0
|  229|EU |BTE     aae40000,     aae40000,     aae80000|TAMS     aae40000|UWM     aae40000|U     0B|T     0B|G     0B|S     0B|L     0B|CP   0
|  230|EU |BTE     aae80000,     aae80000,     aaec0000|TAMS     aae80000|UWM     aae80000|U     0B|T     0B|G     0B|S     0B|L     0B|CP   0
|  231|EU |BTE     aaec0000,     aaec0000,     aaf00000|TAMS     aaec0000|UWM     aaec0000|U     0B|T     0B|G     0B|S     0B|L     0B|CP   0
|  232|EU |BTE     aaf00000,     aaf00000,     aaf40000|TAMS     aaf00000|UWM     aaf00000|U     0B|T     0B|G     0B|S     0B|L     0B|CP   0
|  233|EU |BTE     aaf40000,     aaf40000,     aaf80000|TAMS     aaf40000|UWM     aaf40000|U     0B|T     0B|G     0B|S     0B|L     0B|CP   0
|  234|EU |BTE     aaf80000,     aaf80000,     aafc0000|TAMS     aaf80000|UWM     aaf80000|U     0B|T     0B|G     0B|S     0B|L     0B|CP   0
|  235|EU |BTE     aafc0000,     aafc0000,     ab000000|TAMS     aafc0000|UWM     aafc0000|U     0B|T     0B|G     0B|S     0B|L     0B|CP   0
|  236|EU |BTE     ab000000,     ab000000,     ab040000|TAMS     ab000000|UWM     ab000000|U     0B|T     0B|G     0B|S     0B|L     0B|CP   0
|  237|EU |BTE     ab040000,     ab040000,     ab080000|TAMS     ab040000|UWM     ab040000|U     0B|T     0B|G     0B|S     0B|L     0B|CP   0
|  238|EU |BTE     ab080000,     ab080000,     ab0c0000|TAMS     ab080000|UWM     ab080000|U     0B|T     0B|G     0B|S     0B|L     0B|CP   0
|  239|EU |BTE     ab0c0000,     ab0c0000,     ab100000|TAMS     ab0c0000|UWM     ab0c0000|U     0B|T     0B|G     0B|S     0B|L     0B|CP   0
|  240|EU |BTE     ab100000,     ab100000,     ab140000|TAMS     ab100000|UWM     ab100000|U     0B|T     0B|G     0B|S     0B|L     0B|CP   0
|  241|EU |BTE     ab140000,     ab140000,     ab180000|TAMS     ab140000|UWM     ab140000|U     0B|T     0B|G     0B|S     0B|L     0B|CP   0
|  242|EU |BTE     ab180000,     ab180000,     ab1c0000|TAMS     ab180000|UWM     ab180000|U     0B|T     0B|G     0B|S     0B|L     0B|CP   0
|  243|EU |BTE     ab1c0000,     ab1c0000,     ab200000|TAMS     ab1c0000|UWM     ab1c0000|U     0B|T     0B|G     0B|S     0B|L     0B|CP   0
|  244|EU |BTE     ab200000,     ab200000,     ab240000|TAMS     ab200000|UWM     ab200000|U     0B|T     0B|G     0B|S     0B|L     0B|CP   0
|  245|EU |BTE     ab240000,     ab240000,     ab280000|TAMS     ab240000|UWM     ab240000|U     0B|T     0B|G     0B|S     0B|L     0B|CP   0
|  246|EU |BTE     ab280000,     ab280000,     ab2c0000|TAMS     ab280000|UWM     ab280000|U     0B|T     0B|G     0B|S     0B|L     0B|CP   0
|  247|EU |BTE     ab2c0000,     ab2c0000,     ab300000|TAMS     ab2c0000|UWM     ab2c0000|U     0B|T     0B|G     0B|S     0B|L     0B|CP   0
|  248|EU |BTE     ab300000,     ab300000,     ab340000|TAMS     ab300000|UWM     ab300000|U     0B|T     0B|G     0B|S     0B|L     0B|CP   0
|  249|EU |BTE     ab340000,     ab340000,     ab380000|TAMS     ab340000|UWM     ab340000|U     0B|T     0B|G     0B|S     0B|L     0B|CP   0
|  250|EU |BTE     ab380000,     ab380000,     ab3c0000|TAMS     ab380000|UWM     ab380000|U     0B|T     0B|G     0B|S     0B|L     0B|CP   0
|  251|EU |BTE     ab3c0000,     ab3c0000,     ab400000|TAMS     ab3c0000|UWM     ab3c0000|U     0B|T     0B|G     0B|S     0B|L     0B|CP   0
|  252|EU |BTE     ab400000,     ab400000,     ab440000|TAMS     ab400000|UWM     ab400000|U     0B|T     0B|G     0B|S     0B|L     0B|CP   0
|  253|EU |BTE     ab440000,     ab440000,     ab480000|TAMS     ab440000|UWM     ab440000|U     0B|T     0B|G     0B|S     0B|L     0B|CP   0
|  254|EU |BTE     ab480000,     ab480000,     ab4c0000|TAMS     ab480000|UWM     ab480000|U     0B|T     0B|G     0B|S     0B|L     0B|CP   0
|  255|EU |BTE     ab4c0000,     ab4c0000,     ab500000|TAMS     ab4c0000|UWM     ab4c0000|U     0B|T     0B|G     0B|S     0B|L     0B|CP   0
|  256|EU |BTE     ab500000,     ab500000,     ab540000|TAMS     ab500000|UWM     ab500000|U     0B|T     0B|G     0B|S     0B|L     0B|CP   0
|  257|EU |BTE     ab540000,     ab540000,     ab580000|TAMS     ab540000|UWM     ab540000|U     0B|T     0B|G     0B|S     0B|L     0B|CP   0
|  258|EU |BTE     ab580000,     ab580000,     ab5c0000|TAMS     ab580000|UWM     ab580000|U     0B|T     0B|G     0B|S     0B|L     0B|CP   0
|  259|EU |BTE     ab5c0000,     ab5c0000,     ab600000|TAMS     ab5c0000|UWM     ab5c0000|U     0B|T     0B|G     0B|S     0B|L     0B|CP   0
|  260|EU |BTE     ab600000,     ab600000,     ab640000|TAMS     ab600000|UWM     ab600000|U     0B|T     0B|G     0B|S     0B|L     0B|CP   0
|  261|EU |BTE     ab640000,     ab640000,     ab680000|TAMS     ab640000|UWM     ab640000|U     0B|T     0B|G     0B|S     0B|L     0B|CP   0
|  262|EU |BTE     ab680000,     ab680000,     ab6c0000|TAMS     ab680000|UWM     ab680000|U     0B|T     0B|G     0B|S     0B|L     0B|CP   0
|  263|EU |BTE     ab6c0000,     ab6c0000,     ab700000|TAMS     ab6c0000|UWM     ab6c0000|U     0B|T     0B|G     0B|S     0B|L     0B|CP   0
|  264|EU |BTE     ab700000,     ab700000,     ab740000|TAMS     ab700000|UWM     ab700000|U     0B|T     0B|G     0B|S     0B|L     0B|CP   0
|  265|EU |BTE     ab740000,     ab740000,     ab780000|TAMS     ab740000|UWM     ab740000|U     0B|T     0B|G     0B|S     0B|L     0B|CP   0
|  266|EU |BTE     ab780000,     ab780000,     ab7c0000|TAMS     ab780000|UWM     ab780000|U     0B|T     0B|G     0B|S     0B|L     0B|CP   0
|  267|EU |BTE     ab7c0000,     ab7c0000,     ab800000|TAMS     ab7c0000|UWM     ab7c0000|U     0B|T     0B|G     0B|S     0B|L     0B|CP   0
|  268|EU |BTE     ab800000,     ab800000,     ab840000|TAMS     ab800000|UWM     ab800000|U     0B|T     0B|G     0B|S     0B|L     0B|CP   0
|  269|EU |BTE     ab840000,     ab840000,     ab880000|TAMS     ab840000|UWM     ab840000|U     0B|T     0B|G     0B|S     0B|L     0B|CP   0
|  270|EU |BTE     ab880000,     ab880000,     ab8c0000|TAMS     ab880000|UWM     ab880000|U     0B|T     0B|G     0B|S     0B|L     0B|CP   0
|  271|EU |BTE     ab8c0000,     ab8c0000,     ab900000|TAMS     ab8c0000|UWM     ab8c0000|U     0B|T     0B|G     0B|S     0B|L     0B|CP   0
|  272|EU |BTE     ab900000,     ab900000,     ab940000|TAMS     ab900000|UWM     ab900000|U     0B|T     0B|G     0B|S     0B|L     0B|CP   0
|  273|EU |BTE     ab940000,     ab940000,     ab980000|TAMS     ab940000|UWM     ab940000|U     0B|T     0B|G     0B|S     0B|L     0B|CP   0
|  274|EU |BTE     ab980000,     ab980000,     ab9c0000|TAMS     ab980000|UWM     ab980000|U     0B|T     0B|G     0B|S     0B|L     0B|CP   0
|  275|EU |BTE     ab9c0000,     ab9c0000,     aba00000|TAMS     ab9c0000|UWM     ab9c0000|U     0B|T     0B|G     0B|S     0B|L     0B|CP   0
|  276|EU |BTE     aba00000,     aba00000,     aba40000|TAMS     aba00000|UWM     aba00000|U     0B|T     0B|G     0B|S     0B|L     0B|CP   0
|  277|EU |BTE     aba40000,     aba40000,     aba80000|TAMS     aba40000|UWM     aba40000|U     0B|T     0B|G     0B|S     0B|L     0B|CP   0
|  278|EU |BTE     aba80000,     aba80000,     abac0000|TAMS     aba80000|UWM     aba80000|U     0B|T     0B|G     0B|S     0B|L     0B|CP   0
|  279|EU |BTE     abac0000,     abac0000,     abb00000|TAMS     abac0000|UWM     abac0000|U     0B|T     0B|G     0B|S     0B|L     0B|CP   0
|  280|EU |BTE     abb00000,     abb00000,     abb40000|TAMS     abb00000|UWM     abb00000|U     0B|T     0B|G     0B|S     0B|L     0B|CP   0
|  281|EU |BTE     abb40000,     abb40000,     abb80000|TAMS     abb40000|UWM     abb40000|U     0B|T     0B|G     0B|S     0B|L     0B|CP   0
|  282|EU |BTE     abb80000,     abb80000,     abbc0000|TAMS     abb80000|UWM     abb80000|U     0B|T     0B|G     0B|S     0B|L     0B|CP   0
|  283|EU |BTE     abbc0000,     abbc0000,     abc00000|TAMS     abbc0000|UWM     abbc0000|U     0B|T     0B|G     0B|S     0B|L     0B|CP   0
|  284|EU |BTE     abc00000,     abc00000,     abc40000|TAMS     abc00000|UWM     abc00000|U     0B|T     0B|G     0B|S     0B|L     0B|CP   0
|  285|EU |BTE     abc40000,     abc40000,     abc80000|TAMS     abc40000|UWM     abc40000|U     0B|T     0B|G     0B|S     0B|L     0B|CP   0
|  286|EU |BTE     abc80000,     abc80000,     abcc0000|TAMS     abc80000|UWM     abc80000|U     0B|T     0B|G     0B|S     0B|L     0B|CP   0
|  287|EU |BTE     abcc0000,     abcc0000,     abd00000|TAMS     abcc0000|UWM     abcc0000|U     0B|T     0B|G     0B|S     0B|L     0B|CP   0
|  288|EU |BTE     abd00000,     abd00000,     abd40000|TAMS     abd00000|UWM     abd00000|U     0B|T     0B|G     0B|S     0B|L     0B|CP   0
|  289|EU |BTE     abd40000,     abd40000,     abd80000|TAMS     abd40000|UWM     abd40000|U     0B|T     0B|G     0B|S     0B|L     0B|CP   0
|  290|EU |BTE     abd80000,     abd80000,     abdc0000|TAMS     abd80000|UWM     abd80000|U     0B|T     0B|G     0B|S     0B|L     0B|CP   0
|  291|EU |BTE     abdc0000,     abdc0000,     abe00000|TAMS     abdc0000|UWM     abdc0000|U     0B|T     0B|G     0B|S     0B|L     0B|CP   0
|  292|EU |BTE     abe00000,     abe00000,     abe40000|TAMS     abe00000|UWM     abe00000|U     0B|T     0B|G     0B|S     0B|L     0B|CP   0
|  293|EU |BTE     abe40000,     abe40000,     abe80000|TAMS     abe40000|UWM     abe40000|U     0B|T     0B|G     0B|S     0B|L     0B|CP   0
|  294|EU |BTE     abe80000,     abe80000,     abec0000|TAMS     abe80000|UWM     abe80000|U     0B|T     0B|G     0B|S     0B|L     0B|CP   0
|  295|EU |BTE     abec0000,     abec0000,     abf00000|TAMS     abec0000|UWM     abec0000|U     0B|T     0B|G     0B|S     0B|L     0B|CP   0
|  296|EU |BTE     abf00000,     abf00000,     abf40000|TAMS     abf00000|UWM     abf00000|U     0B|T     0B|G     0B|S     0B|L     0B|CP   0
|  297|EU |BTE     abf40000,     abf40000,     abf80000|TAMS     abf40000|UWM     abf40000|U     0B|T     0B|G     0B|S     0B|L     0B|CP   0
|  298|EU |BTE     abf80000,     abf80000,     abfc0000|TAMS     abf80000|UWM     abf80000|U     0B|T     0B|G     0B|S     0B|L     0B|CP   0
|  299|EU |BTE     abfc0000,     abfc0000,     ac000000|TAMS     abfc0000|UWM     abfc0000|U     0B|T     0B|G     0B|S     0B|L     0B|CP   0
|  300|EU |BTE     ac000000,     ac000000,     ac040000|TAMS     ac000000|UWM     ac000000|U     0B|T     0B|G     0B|S     0B|L     0B|CP   0
|  301|EU |BTE     ac040000,     ac040000,     ac080000|TAMS     ac040000|UWM     ac040000|U     0B|T     0B|G     0B|S     0B|L     0B|CP   0
|  302|EU |BTE     ac080000,     ac080000,     ac0c0000|TAMS     ac080000|UWM     ac080000|U     0B|T     0B|G     0B|S     0B|L     0B|CP   0
|  303|EU |BTE     ac0c0000,     ac0c0000,     ac100000|TAMS     ac0c0000|UWM     ac0c0000|U     0B|T     0B|G     0B|S     0B|L     0B|CP   0
|  304|EU |BTE     ac100000,     ac100000,     ac140000|TAMS     ac100000|UWM     ac100000|U     0B|T     0B|G     0B|S     0B|L     0B|CP   0
|  305|EU |BTE     ac140000,     ac140000,     ac180000|TAMS     ac140000|UWM     ac140000|U     0B|T     0B|G     0B|S     0B|L     0B|CP   0
|  306|EU |BTE     ac180000,     ac180000,     ac1c0000|TAMS     ac180000|UWM     ac180000|U     0B|T     0B|G     0B|S     0B|L     0B|CP   0
|  307|EU |BTE     ac1c0000,     ac1c0000,     ac200000|TAMS     ac1c0000|UWM     ac1c0000|U     0B|T     0B|G     0B|S     0B|L     0B|CP   0
|  308|EU |BTE     ac200000,     ac200000,     ac240000|TAMS     ac200000|UWM     ac200000|U     0B|T     0B|G     0B|S     0B|L     0B|CP   0
|  309|EU |BTE     ac240000,     ac240000,     ac280000|TAMS     ac240000|UWM     ac240000|U     0B|T     0B|G     0B|S     0B|L     0B|CP   0
|  310|EU |BTE     ac280000,     ac280000,     ac2c0000|TAMS     ac280000|UWM     ac280000|U     0B|T     0B|G     0B|S     0B|L     0B|CP   0
|  311|EU |BTE     ac2c0000,     ac2c0000,     ac300000|TAMS     ac2c0000|UWM     ac2c0000|U     0B|T     0B|G     0B|S     0B|L     0B|CP   0
|  312|EU |BTE     ac300000,     ac300000,     ac340000|TAMS     ac300000|UWM     ac300000|U     0B|T     0B|G     0B|S     0B|L     0B|CP   0
|  313|EU |BTE     ac340000,     ac340000,     ac380000|TAMS     ac340000|UWM     ac340000|U     0B|T     0B|G     0B|S     0B|L     0B|CP   0
|  314|EU |BTE     ac380000,     ac380000,     ac3c0000|TAMS     ac380000|UWM     ac380000|U     0B|T     0B|G     0B|S     0B|L     0B|CP   0
|  315|EU |BTE     ac3c0000,     ac3c0000,     ac400000|TAMS     ac3c0000|UWM     ac3c0000|U     0B|T     0B|G     0B|S     0B|L     0B|CP   0
|  316|EU |BTE     ac400000,     ac400000,     ac440000|TAMS     ac400000|UWM     ac400000|U     0B|T     0B|G     0B|S     0B|L     0B|CP   0
|  317|EU |BTE     ac440000,     ac440000,     ac480000|TAMS     ac440000|UWM     ac440000|U     0B|T     0B|G     0B|S     0B|L     0B|CP   0
|  318|EU |BTE     ac480000,     ac480000,     ac4c0000|TAMS     ac480000|UWM     ac480000|U     0B|T     0B|G     0B|S     0B|L     0B|CP   0
|  319|EU |BTE     ac4c0000,     ac4c0000,     ac500000|TAMS     ac4c0000|UWM     ac4c0000|U     0B|T     0B|G     0B|S     0B|L     0B|CP   0
|  320|EU |BTE     ac500000,     ac500000,     ac540000|TAMS     ac500000|UWM     ac500000|U     0B|T     0B|G     0B|S     0B|L     0B|CP   0
|  321|EU |BTE     ac540000,     ac540000,     ac580000|TAMS     ac540000|UWM     ac540000|U     0B|T     0B|G     0B|S     0B|L     0B|CP   0
|  322|EU |BTE     ac580000,     ac580000,     ac5c0000|TAMS     ac580000|UWM     ac580000|U     0B|T     0B|G     0B|S     0B|L     0B|CP   0
|  323|EU |BTE     ac5c0000,     ac5c0000,     ac600000|TAMS     ac5c0000|UWM     ac5c0000|U     0B|T     0B|G     0B|S     0B|L     0B|CP   0
|  324|EU |BTE     ac600000,     ac600000,     ac640000|TAMS     ac600000|UWM     ac600000|U     0B|T     0B|G     0B|S     0B|L     0B|CP   0
|  325|EU |BTE     ac640000,     ac640000,     ac680000|TAMS     ac640000|UWM     ac640000|U     0B|T     0B|G     0B|S     0B|L     0B|CP   0
|  326|EU |BTE     ac680000,     ac680000,     ac6c0000|TAMS     ac680000|UWM     ac680000|U     0B|T     0B|G     0B|S     0B|L     0B|CP   0
|  327|EU |BTE     ac6c0000,     ac6c0000,     ac700000|TAMS     ac6c0000|UWM     ac6c0000|U     0B|T     0B|G     0B|S     0B|L     0B|CP   0
|  328|EU |BTE     ac700000,     ac700000,     ac740000|TAMS     ac700000|UWM     ac700000|U     0B|T     0B|G     0B|S     0B|L     0B|CP   0
|  329|EU |BTE     ac740000,     ac740000,     ac780000|TAMS     ac740000|UWM     ac740000|U     0B|T     0B|G     0B|S     0B|L     0B|CP   0
|  330|EU |BTE     ac780000,     ac780000,     ac7c0000|TAMS     ac780000|UWM     ac780000|U     0B|T     0B|G     0B|S     0B|L     0B|CP   0
|  331|EU |BTE     ac7c0000,     ac7c0000,     ac800000|TAMS     ac7c0000|UWM     ac7c0000|U     0B|T     0B|G     0B|S     0B|L     0B|CP   0
|  332|EU |BTE     ac800000,     ac800000,     ac840000|TAMS     ac800000|UWM     ac800000|U     0B|T     0B|G     0B|S     0B|L     0B|CP   0
|  333|EU |BTE     ac840000,     ac840000,     ac880000|TAMS     ac840000|UWM     ac840000|U     0B|T     0B|G     0B|S     0B|L     0B|CP   0
|  334|EU |BTE     ac880000,     ac880000,     ac8c0000|TAMS     ac880000|UWM     ac880000|U     0B|T     0B|G     0B|S     0B|L     0B|CP   0
|  335|EU |BTE     ac8c0000,     ac8c0000,     ac900000|TAMS     ac8c0000|UWM     ac8c0000|U     0B|T     0B|G     0B|S     0B|L     0B|CP   0
|  336|EU |BTE     ac900000,     ac900000,     ac940000|TAMS     ac900000|UWM     ac900000|U     0B|T     0B|G     0B|S     0B|L     0B|CP   0
|  337|EU |BTE     ac940000,     ac940000,     ac980000|TAMS     ac940000|UWM     ac940000|U     0B|T     0B|G     0B|S     0B|L     0B|CP   0
|  338|EU |BTE     ac980000,     ac980000,     ac9c0000|TAMS     ac980000|UWM     ac980000|U     0B|T     0B|G     0B|S     0B|L     0B|CP   0
|  339|EU |BTE     ac9c0000,     ac9c0000,     aca00000|TAMS     ac9c0000|UWM     ac9c0000|U     0B|T     0B|G     0B|S     0B|L     0B|CP   0
|  340|EU |BTE     aca00000,     aca00000,     aca40000|TAMS     aca00000|UWM     aca00000|U     0B|T     0B|G     0B|S     0B|L     0B|CP   0
|  341|EU |BTE     aca40000,     aca40000,     aca80000|TAMS     aca40000|UWM     aca40000|U     0B|T     0B|G     0B|S     0B|L     0B|CP   0
|  342|EU |BTE     aca80000,     aca80000,     acac0000|TAMS     aca80000|UWM     aca80000|U     0B|T     0B|G     0B|S     0B|L     0B|CP   0
|  343|EU |BTE     acac0000,     acac0000,     acb00000|TAMS     acac0000|UWM     acac0000|U     0B|T     0B|G     0B|S     0B|L     0B|CP   0
|  344|EU |BTE     acb00000,     acb00000,     acb40000|TAMS     acb00000|UWM     acb00000|U     0B|T     0B|G     0B|S     0B|L     0B|CP   0
|  345|EU |BTE     acb40000,     acb40000,     acb80000|TAMS     acb40000|UWM     acb40000|U     0B|T     0B|G     0B|S     0B|L     0B|CP   0
|  346|EU |BTE     acb80000,     acb80000,     acbc0000|TAMS     acb80000|UWM     acb80000|U     0B|T     0B|G     0B|S     0B|L     0B|CP   0
|  347|EU |BTE     acbc0000,     acbc0000,     acc00000|TAMS     acbc0000|UWM     acbc0000|U     0B|T     0B|G     0B|S     0B|L     0B|CP   0
|  348|EU |BTE     acc00000,     acc00000,     acc40000|TAMS     acc00000|UWM     acc00000|U     0B|T     0B|G     0B|S     0B|L     0B|CP   0
|  349|EU |BTE     acc40000,     acc40000,     acc80000|TAMS     acc40000|UWM     acc40000|U     0B|T     0B|G     0B|S     0B|L     0B|CP   0
|  350|EU |BTE     acc80000,     acc80000,     accc0000|TAMS     acc80000|UWM     acc80000|U     0B|T     0B|G     0B|S     0B|L     0B|CP   0
|  351|EU |BTE     accc0000,     accc0000,     acd00000|TAMS     accc0000|UWM     accc0000|U     0B|T     0B|G     0B|S     0B|L     0B|CP   0
|  352|EU |BTE     acd00000,     acd00000,     acd40000|TAMS     acd00000|UWM     acd00000|U     0B|T     0B|G     0B|S     0B|L     0B|CP   0
|  353|EU |BTE     acd40000,     acd40000,     acd80000|TAMS     acd40000|UWM     acd40000|U     0B|T     0B|G     0B|S     0B|L     0B|CP   0
|  354|EU |BTE     acd80000,     acd80000,     acdc0000|TAMS     acd80000|UWM     acd80000|U     0B|T     0B|G     0B|S     0B|L     0B|CP   0
|  355|EU |BTE     acdc0000,     acdc0000,     ace00000|TAMS     acdc0000|UWM     acdc0000|U     0B|T     0B|G     0B|S     0B|L     0B|CP   0
|  356|EU |BTE     ace00000,     ace00000,     ace40000|TAMS     ace00000|UWM     ace00000|U     0B|T     0B|G     0B|S     0B|L     0B|CP   0
|  357|EU |BTE     ace40000,     ace40000,     ace80000|TAMS     ace40000|UWM     ace40000|U     0B|T     0B|G     0B|S     0B|L     0B|CP   0
|  358|EU |BTE     ace80000,     ace80000,     acec0000|TAMS     ace80000|UWM     ace80000|U     0B|T     0B|G     0B|S     0B|L     0B|CP   0
|  359|EU |BTE     acec0000,     acec0000,     acf00000|TAMS     acec0000|UWM     acec0000|U     0B|T     0B|G     0B|S     0B|L     0B|CP   0
|  360|EU |BTE     acf00000,     acf00000,     acf40000|TAMS     acf00000|UWM     acf00000|U     0B|T     0B|G     0B|S     0B|L     0B|CP   0
|  361|EU |BTE     acf40000,     acf40000,     acf80000|TAMS     acf40000|UWM     acf40000|U     0B|T     0B|G     0B|S     0B|L     0B|CP   0
|  362|EU |BTE     acf80000,     acf80000,     acfc0000|TAMS     acf80000|UWM     acf80000|U     0B|T     0B|G     0B|S     0B|L     0B|CP   0
|  363|EU |BTE     acfc0000,     acfc0000,     ad000000|TAMS     acfc0000|UWM     acfc0000|U     0B|T     0B|G     0B|S     0B|L     0B|CP   0
|  364|EU |BTE     ad000000,     ad000000,     ad040000|TAMS     ad000000|UWM     ad000000|U     0B|T     0B|G     0B|S     0B|L     0B|CP   0
|  365|EU |BTE     ad040000,     ad040000,     ad080000|TAMS     ad040000|UWM     ad040000|U     0B|T     0B|G     0B|S     0B|L     0B|CP   0
|  366|EU |BTE     ad080000,     ad080000,     ad0c0000|TAMS     ad080000|UWM     ad080000|U     0B|T     0B|G     0B|S     0B|L     0B|CP   0
|  367|EU |BTE     ad0c0000,     ad0c0000,     ad100000|TAMS     ad0c0000|UWM     ad0c0000|U     0B|T     0B|G     0B|S     0B|L     0B|CP   0
|  368|EU |BTE     ad100000,     ad100000,     ad140000|TAMS     ad100000|UWM     ad100000|U     0B|T     0B|G     0B|S     0B|L     0B|CP   0
|  369|EU |BTE     ad140000,     ad140000,     ad180000|TAMS     ad140000|UWM     ad140000|U     0B|T     0B|G     0B|S     0B|L     0B|CP   0
|  370|EU |BTE     ad180000,     ad180000,     ad1c0000|TAMS     ad180000|UWM     ad180000|U     0B|T     0B|G     0B|S     0B|L     0B|CP   0
|  371|EU |BTE     ad1c0000,     ad1c0000,     ad200000|TAMS     ad1c0000|UWM     ad1c0000|U     0B|T     0B|G     0B|S     0B|L     0B|CP   0
|  372|EU |BTE     ad200000,     ad200000,     ad240000|TAMS     ad200000|UWM     ad200000|U     0B|T     0B|G     0B|S     0B|L     0B|CP   0
|  373|EU |BTE     ad240000,     ad240000,     ad280000|TAMS     ad240000|UWM     ad240000|U     0B|T     0B|G     0B|S     0B|L     0B|CP   0
|  374|EU |BTE     ad280000,     ad280000,     ad2c0000|TAMS     ad280000|UWM     ad280000|U     0B|T     0B|G     0B|S     0B|L     0B|CP   0
|  375|EU |BTE     ad2c0000,     ad2c0000,     ad300000|TAMS     ad2c0000|UWM     ad2c0000|U     0B|T     0B|G     0B|S     0B|L     0B|CP   0
|  376|EU |BTE     ad300000,     ad300000,     ad340000|TAMS     ad300000|UWM     ad300000|U     0B|T     0B|G     0B|S     0B|L     0B|CP   0
|  377|EU |BTE     ad340000,     ad340000,     ad380000|TAMS     ad340000|UWM     ad340000|U     0B|T     0B|G     0B|S     0B|L     0B|CP   0
|  378|EU |BTE     ad380000,     ad380000,     ad3c0000|TAMS     ad380000|UWM     ad380000|U     0B|T     0B|G     0B|S     0B|L     0B|CP   0
|  379|EU |BTE     ad3c0000,     ad3c0000,     ad400000|TAMS     ad3c0000|UWM     ad3c0000|U     0B|T     0B|G     0B|S     0B|L     0B|CP   0
|  380|EU |BTE     ad400000,     ad400000,     ad440000|TAMS     ad400000|UWM     ad400000|U     0B|T     0B|G     0B|S     0B|L     0B|CP   0
|  381|EU |BTE     ad440000,     ad440000,     ad480000|TAMS     ad440000|UWM     ad440000|U     0B|T     0B|G     0B|S     0B|L     0B|CP   0
|  382|EU |BTE     ad480000,     ad480000,     ad4c0000|TAMS     ad480000|UWM     ad480000|U     0B|T     0B|G     0B|S     0B|L     0B|CP   0
|  383|EU |BTE     ad4c0000,     ad4c0000,     ad500000|TAMS     ad4c0000|UWM     ad4c0000|U     0B|T     0B|G     0B|S     0B|L     0B|CP   0
|  384|EU |BTE     ad500000,     ad500000,     ad540000|TAMS     ad500000|UWM     ad500000|U     0B|T     0B|G     0B|S     0B|L     0B|CP   0
|  385|EU |BTE     ad540000,     ad540000,     ad580000|TAMS     ad540000|UWM     ad540000|U     0B|T     0B|G     0B|S     0B|L     0B|CP   0
|  386|EU |BTE     ad580000,     ad580000,     ad5c0000|TAMS     ad580000|UWM     ad580000|U     0B|T     0B|G     0B|S     0B|L     0B|CP   0
|  387|EU |BTE     ad5c0000,     ad5c0000,     ad600000|TAMS     ad5c0000|UWM     ad5c0000|U     0B|T     0B|G     0B|S     0B|L     0B|CP   0
|  388|EU |BTE     ad600000,     ad600000,     ad640000|TAMS     ad600000|UWM     ad600000|U     0B|T     0B|G     0B|S     0B|L     0B|CP   0
|  389|EU |BTE     ad640000,     ad640000,     ad680000|TAMS     ad640000|UWM     ad640000|U     0B|T     0B|G     0B|S     0B|L     0B|CP   0
|  390|EU |BTE     ad680000,     ad680000,     ad6c0000|TAMS     ad680000|UWM     ad680000|U     0B|T     0B|G     0B|S     0B|L     0B|CP   0
|  391|EU |BTE     ad6c0000,     ad6c0000,     ad700000|TAMS     ad6c0000|UWM     ad6c0000|U     0B|T     0B|G     0B|S     0B|L     0B|CP   0
|  392|EU |BTE     ad700000,     ad700000,     ad740000|TAMS     ad700000|UWM     ad700000|U     0B|T     0B|G     0B|S     0B|L     0B|CP   0
|  393|EU |BTE     ad740000,     ad740000,     ad780000|TAMS     ad740000|UWM     ad740000|U     0B|T     0B|G     0B|S     0B|L     0B|CP   0
|  394|EU |BTE     ad780000,     ad780000,     ad7c0000|TAMS     ad780000|UWM     ad780000|U     0B|T     0B|G     0B|S     0B|L     0B|CP   0
|  395|EU |BTE     ad7c0000,     ad7c0000,     ad800000|TAMS     ad7c0000|UWM     ad7c0000|U     0B|T     0B|G     0B|S     0B|L     0B|CP   0
|  396|EU |BTE     ad800000,     ad800000,     ad840000|TAMS     ad800000|UWM     ad800000|U     0B|T     0B|G     0B|S     0B|L     0B|CP   0
|  397|EU |BTE     ad840000,     ad840000,     ad880000|TAMS     ad840000|UWM     ad840000|U     0B|T     0B|G     0B|S     0B|L     0B|CP   0
|  398|EU |BTE     ad880000,     ad880000,     ad8c0000|TAMS     ad880000|UWM     ad880000|U     0B|T     0B|G     0B|S     0B|L     0B|CP   0
|  399|EU |BTE     ad8c0000,     ad8c0000,     ad900000|TAMS     ad8c0000|UWM     ad8c0000|U     0B|T     0B|G     0B|S     0B|L     0B|CP   0
|  400|EU |BTE     ad900000,     ad900000,     ad940000|TAMS     ad900000|UWM     ad900000|U     0B|T     0B|G     0B|S     0B|L     0B|CP   0
|  401|EU |BTE     ad940000,     ad940000,     ad980000|TAMS     ad940000|UWM     ad940000|U     0B|T     0B|G     0B|S     0B|L     0B|CP   0
|  402|EU |BTE     ad980000,     ad980000,     ad9c0000|TAMS     ad980000|UWM     ad980000|U     0B|T     0B|G     0B|S     0B|L     0B|CP   0
|  403|EU |BTE     ad9c0000,     ad9c0000,     ada00000|TAMS     ad9c0000|UWM     ad9c0000|U     0B|T     0B|G     0B|S     0B|L     0B|CP   0
|  404|EU |BTE     ada00000,     ada00000,     ada40000|TAMS     ada00000|UWM     ada00000|U     0B|T     0B|G     0B|S     0B|L     0B|CP   0
|  405|EU |BTE     ada40000,     ada40000,     ada80000|TAMS     ada40000|UWM     ada40000|U     0B|T     0B|G     0B|S     0B|L     0B|CP   0
|  406|EU |BTE     ada80000,     ada80000,     adac0000|TAMS     ada80000|UWM     ada80000|U     0B|T     0B|G     0B|S     0B|L     0B|CP   0
|  407|EU |BTE     adac0000,     adac0000,     adb00000|TAMS     adac0000|UWM     adac0000|U     0B|T     0B|G     0B|S     0B|L     0B|CP   0
|  408|EU |BTE     adb00000,     adb00000,     adb40000|TAMS     adb00000|UWM     adb00000|U     0B|T     0B|G     0B|S     0B|L     0B|CP   0
|  409|EU |BTE     adb40000,     adb40000,     adb80000|TAMS     adb40000|UWM     adb40000|U     0B|T     0B|G     0B|S     0B|L     0B|CP   0
|  410|EU |BTE     adb80000,     adb80000,     adbc0000|TAMS     adb80000|UWM     adb80000|U     0B|T     0B|G     0B|S     0B|L     0B|CP   0
|  411|EU |BTE     adbc0000,     adbc0000,     adc00000|TAMS     adbc0000|UWM     adbc0000|U     0B|T     0B|G     0B|S     0B|L     0B|CP   0
|  412|EU |BTE     adc00000,     adc00000,     adc40000|TAMS     adc00000|UWM     adc00000|U     0B|T     0B|G     0B|S     0B|L     0B|CP   0
|  413|EU |BTE     adc40000,     adc40000,     adc80000|TAMS     adc40000|UWM     adc40000|U     0B|T     0B|G     0B|S     0B|L     0B|CP   0
|  414|EU |BTE     adc80000,     adc80000,     adcc0000|TAMS     adc80000|UWM     adc80000|U     0B|T     0B|G     0B|S     0B|L     0B|CP   0
|  415|EU |BTE     adcc0000,     adcc0000,     add00000|TAMS     adcc0000|UWM     adcc0000|U     0B|T     0B|G     0B|S     0B|L     0B|CP   0
|  416|EU |BTE     add00000,     add00000,     add40000|TAMS     add00000|UWM     add00000|U     0B|T     0B|G     0B|S     0B|L     0B|CP   0
|  417|EU |BTE     add40000,     add40000,     add80000|TAMS     add40000|UWM     add40000|U     0B|T     0B|G     0B|S     0B|L     0B|CP   0
|  418|EU |BTE     add80000,     add80000,     addc0000|TAMS     add80000|UWM     add80000|U     0B|T     0B|G     0B|S     0B|L     0B|CP   0
|  419|EU |BTE     addc0000,     addc0000,     ade00000|TAMS     addc0000|UWM     addc0000|U     0B|T     0B|G     0B|S     0B|L     0B|CP   0
|  420|EU |BTE     ade00000,     ade00000,     ade40000|TAMS     ade00000|UWM     ade00000|U     0B|T     0B|G     0B|S     0B|L     0B|CP   0
|  421|EU |BTE     ade40000,     ade40000,     ade80000|TAMS     ade40000|UWM     ade40000|U     0B|T     0B|G     0B|S     0B|L     0B|CP   0
|  422|EU |BTE     ade80000,     ade80000,     adec0000|TAMS     ade80000|UWM     ade80000|U     0B|T     0B|G     0B|S     0B|L     0B|CP   0
|  423|EU |BTE     adec0000,     adec0000,     adf00000|TAMS     adec0000|UWM     adec0000|U     0B|T     0B|G     0B|S     0B|L     0B|CP   0
|  424|EU |BTE     adf00000,     adf00000,     adf40000|TAMS     adf00000|UWM     adf00000|U     0B|T     0B|G     0B|S     0B|L     0B|CP   0
|  425|EU |BTE     adf40000,     adf40000,     adf80000|TAMS     adf40000|UWM     adf40000|U     0B|T     0B|G     0B|S     0B|L     0B|CP   0
|  426|EU |BTE     adf80000,     adf80000,     adfc0000|TAMS     adf80000|UWM     adf80000|U     0B|T     0B|G     0B|S     0B|L     0B|CP   0
|  427|EU |BTE     adfc0000,     adfc0000,     ae000000|TAMS     adfc0000|UWM     adfc0000|U     0B|T     0B|G     0B|S     0B|L     0B|CP   0
|  428|EU |BTE     ae000000,     ae000000,     ae040000|TAMS     ae000000|UWM     ae000000|U     0B|T     0B|G     0B|S     0B|L     0B|CP   0
|  429|EU |BTE     ae040000,     ae040000,     ae080000|TAMS     ae040000|UWM     ae040000|U     0B|T     0B|G     0B|S     0B|L     0B|CP   0
|  430|EU |BTE     ae080000,     ae080000,     ae0c0000|TAMS     ae080000|UWM     ae080000|U     0B|T     0B|G     0B|S     0B|L     0B|CP   0
|  431|EU |BTE     ae0c0000,     ae0c0000,     ae100000|TAMS     ae0c0000|UWM     ae0c0000|U     0B|T     0B|G     0B|S     0B|L     0B|CP   0
|  432|EU |BTE     ae100000,     ae100000,     ae140000|TAMS     ae100000|UWM     ae100000|U     0B|T     0B|G     0B|S     0B|L     0B|CP   0
|  433|EU |BTE     ae140000,     ae140000,     ae180000|TAMS     ae140000|UWM     ae140000|U     0B|T     0B|G     0B|S     0B|L     0B|CP   0
|  434|EU |BTE     ae180000,     ae180000,     ae1c0000|TAMS     ae180000|UWM     ae180000|U     0B|T     0B|G     0B|S     0B|L     0B|CP   0
|  435|EU |BTE     ae1c0000,     ae1c0000,     ae200000|TAMS     ae1c0000|UWM     ae1c0000|U     0B|T     0B|G     0B|S     0B|L     0B|CP   0
|  436|EU |BTE     ae200000,     ae200000,     ae240000|TAMS     ae200000|UWM     ae200000|U     0B|T     0B|G     0B|S     0B|L     0B|CP   0
|  437|EU |BTE     ae240000,     ae240000,     ae280000|TAMS     ae240000|UWM     ae240000|U     0B|T     0B|G     0B|S     0B|L     0B|CP   0
|  438|EU |BTE     ae280000,     ae280000,     ae2c0000|TAMS     ae280000|UWM     ae280000|U     0B|T     0B|G     0B|S     0B|L     0B|CP   0
|  439|EU |BTE     ae2c0000,     ae2c0000,     ae300000|TAMS     ae2c0000|UWM     ae2c0000|U     0B|T     0B|G     0B|S     0B|L     0B|CP   0
|  440|EU |BTE     ae300000,     ae300000,     ae340000|TAMS     ae300000|UWM     ae300000|U     0B|T     0B|G     0B|S     0B|L     0B|CP   0
|  441|EU |BTE     ae340000,     ae340000,     ae380000|TAMS     ae340000|UWM     ae340000|U     0B|T     0B|G     0B|S     0B|L     0B|CP   0
|  442|EU |BTE     ae380000,     ae380000,     ae3c0000|TAMS     ae380000|UWM     ae380000|U     0B|T     0B|G     0B|S     0B|L     0B|CP   0
|  443|EU |BTE     ae3c0000,     ae3c0000,     ae400000|TAMS     ae3c0000|UWM     ae3c0000|U     0B|T     0B|G     0B|S     0B|L     0B|CP   0
|  444|EU |BTE     ae400000,     ae400000,     ae440000|TAMS     ae400000|UWM     ae400000|U     0B|T     0B|G     0B|S     0B|L     0B|CP   0
|  445|EU |BTE     ae440000,     ae440000,     ae480000|TAMS     ae440000|UWM     ae440000|U     0B|T     0B|G     0B|S     0B|L     0B|CP   0
|  446|EU |BTE     ae480000,     ae480000,     ae4c0000|TAMS     ae480000|UWM     ae480000|U     0B|T     0B|G     0B|S     0B|L     0B|CP   0
|  447|EU |BTE     ae4c0000,     ae4c0000,     ae500000|TAMS     ae4c0000|UWM     ae4c0000|U     0B|T     0B|G     0B|S     0B|L     0B|CP   0
|  448|EU |BTE     ae500000,     ae500000,     ae540000|TAMS     ae500000|UWM     ae500000|U     0B|T     0B|G     0B|S     0B|L     0B|CP   0
|  449|EU |BTE     ae540000,     ae540000,     ae580000|TAMS     ae540000|UWM     ae540000|U     0B|T     0B|G     0B|S     0B|L     0B|CP   0
|  450|EU |BTE     ae580000,     ae580000,     ae5c0000|TAMS     ae580000|UWM     ae580000|U     0B|T     0B|G     0B|S     0B|L     0B|CP   0
|  451|EU |BTE     ae5c0000,     ae5c0000,     ae600000|TAMS     ae5c0000|UWM     ae5c0000|U     0B|T     0B|G     0B|S     0B|L     0B|CP   0
|  452|EU |BTE     ae600000,     ae600000,     ae640000|TAMS     ae600000|UWM     ae600000|U     0B|T     0B|G     0B|S     0B|L     0B|CP   0
|  453|EU |BTE     ae640000,     ae640000,     ae680000|TAMS     ae640000|UWM     ae640000|U     0B|T     0B|G     0B|S     0B|L     0B|CP   0
|  454|EU |BTE     ae680000,     ae680000,     ae6c0000|TAMS     ae680000|UWM     ae680000|U     0B|T     0B|G     0B|S     0B|L     0B|CP   0
|  455|EU |BTE     ae6c0000,     ae6c0000,     ae700000|TAMS     ae6c0000|UWM     ae6c0000|U     0B|T     0B|G     0B|S     0B|L     0B|CP   0
|  456|EU |BTE     ae700000,     ae700000,     ae740000|TAMS     ae700000|UWM     ae700000|U     0B|T     0B|G     0B|S     0B|L     0B|CP   0
|  457|EU |BTE     ae740000,     ae740000,     ae780000|TAMS     ae740000|UWM     ae740000|U     0B|T     0B|G     0B|S     0B|L     0B|CP   0
|  458|EU |BTE     ae780000,     ae780000,     ae7c0000|TAMS     ae780000|UWM     ae780000|U     0B|T     0B|G     0B|S     0B|L     0B|CP   0
|  459|EU |BTE     ae7c0000,     ae7c0000,     ae800000|TAMS     ae7c0000|UWM     ae7c0000|U     0B|T     0B|G     0B|S     0B|L     0B|CP   0
|  460|EU |BTE     ae800000,     ae800000,     ae840000|TAMS     ae800000|UWM     ae800000|U     0B|T     0B|G     0B|S     0B|L     0B|CP   0
|  461|EU |BTE     ae840000,     ae840000,     ae880000|TAMS     ae840000|UWM     ae840000|U     0B|T     0B|G     0B|S     0B|L     0B|CP   0
|  462|EU |BTE     ae880000,     ae880000,     ae8c0000|TAMS     ae880000|UWM     ae880000|U     0B|T     0B|G     0B|S     0B|L     0B|CP   0
|  463|EU |BTE     ae8c0000,     ae8c0000,     ae900000|TAMS     ae8c0000|UWM     ae8c0000|U     0B|T     0B|G     0B|S     0B|L     0B|CP   0
|  464|EU |BTE     ae900000,     ae900000,     ae940000|TAMS     ae900000|UWM     ae900000|U     0B|T     0B|G     0B|S     0B|L     0B|CP   0
|  465|EU |BTE     ae940000,     ae940000,     ae980000|TAMS     ae940000|UWM     ae940000|U     0B|T     0B|G     0B|S     0B|L     0B|CP   0
|  466|EU |BTE     ae980000,     ae980000,     ae9c0000|TAMS     ae980000|UWM     ae980000|U     0B|T     0B|G     0B|S     0B|L     0B|CP   0
|  467|EU |BTE     ae9c0000,     ae9c0000,     aea00000|TAMS     ae9c0000|UWM     ae9c0000|U     0B|T     0B|G     0B|S     0B|L     0B|CP   0
|  468|EU |BTE     aea00000,     aea00000,     aea40000|TAMS     aea00000|UWM     aea00000|U     0B|T     0B|G     0B|S     0B|L     0B|CP   0
|  469|EU |BTE     aea40000,     aea40000,     aea80000|TAMS     aea40000|UWM     aea40000|U     0B|T     0B|G     0B|S     0B|L     0B|CP   0
|  470|EU |BTE     aea80000,     aea80000,     aeac0000|TAMS     aea80000|UWM     aea80000|U     0B|T     0B|G     0B|S     0B|L     0B|CP   0
|  471|EU |BTE     aeac0000,     aeac0000,     aeb00000|TAMS     aeac0000|UWM     aeac0000|U     0B|T     0B|G     0B|S     0B|L     0B|CP   0
|  472|EU |BTE     aeb00000,     aeb00000,     aeb40000|TAMS     aeb00000|UWM     aeb00000|U     0B|T     0B|G     0B|S     0B|L     0B|CP   0
|  473|EU |BTE     aeb40000,     aeb40000,     aeb80000|TAMS     aeb40000|UWM     aeb40000|U     0B|T     0B|G     0B|S     0B|L     0B|CP   0
|  474|EU |BTE     aeb80000,     aeb80000,     aebc0000|TAMS     aeb80000|UWM     aeb80000|U     0B|T     0B|G     0B|S     0B|L     0B|CP   0
|  475|EU |BTE     aebc0000,     aebc0000,     aec00000|TAMS     aebc0000|UWM     aebc0000|U     0B|T     0B|G     0B|S     0B|L     0B|CP   0
|  476|EU |BTE     aec00000,     aec00000,     aec40000|TAMS     aec00000|UWM     aec00000|U     0B|T     0B|G     0B|S     0B|L     0B|CP   0
|  477|EU |BTE     aec40000,     aec40000,     aec80000|TAMS     aec40000|UWM     aec40000|U     0B|T     0B|G     0B|S     0B|L     0B|CP   0
|  478|EU |BTE     aec80000,     aec80000,     aecc0000|TAMS     aec80000|UWM     aec80000|U     0B|T     0B|G     0B|S     0B|L     0B|CP   0
|  479|EU |BTE     aecc0000,     aecc0000,     aed00000|TAMS     aecc0000|UWM     aecc0000|U     0B|T     0B|G     0B|S     0B|L     0B|CP   0
|  480|EU |BTE     aed00000,     aed00000,     aed40000|TAMS     aed00000|UWM     aed00000|U     0B|T     0B|G     0B|S     0B|L     0B|CP   0
|  481|EU |BTE     aed40000,     aed40000,     aed80000|TAMS     aed40000|UWM     aed40000|U     0B|T     0B|G     0B|S     0B|L     0B|CP   0
|  482|EU |BTE     aed80000,     aed80000,     aedc0000|TAMS     aed80000|UWM     aed80000|U     0B|T     0B|G     0B|S     0B|L     0B|CP   0
|  483|EU |BTE     aedc0000,     aedc0000,     aee00000|TAMS     aedc0000|UWM     aedc0000|U     0B|T     0B|G     0B|S     0B|L     0B|CP   0
|  484|EU |BTE     aee00000,     aee00000,     aee40000|TAMS     aee00000|UWM     aee00000|U     0B|T     0B|G     0B|S     0B|L     0B|CP   0
|  485|EU |BTE     aee40000,     aee40000,     aee80000|TAMS     aee40000|UWM     aee40000|U     0B|T     0B|G     0B|S     0B|L     0B|CP   0
|  486|EU |BTE     aee80000,     aee80000,     aeec0000|TAMS     aee80000|UWM     aee80000|U     0B|T     0B|G     0B|S     0B|L     0B|CP   0
|  487|EU |BTE     aeec0000,     aeec0000,     aef00000|TAMS     aeec0000|UWM     aeec0000|U     0B|T     0B|G     0B|S     0B|L     0B|CP   0
|  488|EU |BTE     aef00000,     aef00000,     aef40000|TAMS     aef00000|UWM     aef00000|U     0B|T     0B|G     0B|S     0B|L     0B|CP   0
|  489|EU |BTE     aef40000,     aef40000,     aef80000|TAMS     aef40000|UWM     aef40000|U     0B|T     0B|G     0B|S     0B|L     0B|CP   0
|  490|EU |BTE     aef80000,     aef80000,     aefc0000|TAMS     aef80000|UWM     aef80000|U     0B|T     0B|G     0B|S     0B|L     0B|CP   0
|  491|EU |BTE     aefc0000,     aefc0000,     af000000|TAMS     aefc0000|UWM     aefc0000|U     0B|T     0B|G     0B|S     0B|L     0B|CP   0
|  492|EU |BTE     af000000,     af000000,     af040000|TAMS     af000000|UWM     af000000|U     0B|T     0B|G     0B|S     0B|L     0B|CP   0
|  493|EU |BTE     af040000,     af040000,     af080000|TAMS     af040000|UWM     af040000|U     0B|T     0B|G     0B|S     0B|L     0B|CP   0
|  494|EU |BTE     af080000,     af080000,     af0c0000|TAMS     af080000|UWM     af080000|U     0B|T     0B|G     0B|S     0B|L     0B|CP   0
|  495|EU |BTE     af0c0000,     af0c0000,     af100000|TAMS     af0c0000|UWM     af0c0000|U     0B|T     0B|G     0B|S     0B|L     0B|CP   0
|  496|EU |BTE     af100000,     af100000,     af140000|TAMS     af100000|UWM     af100000|U     0B|T     0B|G     0B|S     0B|L     0B|CP   0
|  497|EU |BTE     af140000,     af140000,     af180000|TAMS     af140000|UWM     af140000|U     0B|T     0B|G     0B|S     0B|L     0B|CP   0
|  498|EU |BTE     af180000,     af180000,     af1c0000|TAMS     af180000|UWM     af180000|U     0B|T     0B|G     0B|S     0B|L     0B|CP   0
|  499|EU |BTE     af1c0000,     af1c0000,     af200000|TAMS     af1c0000|UWM     af1c0000|U     0B|T     0B|G     0B|S     0B|L     0B|CP   0
|  500|EU |BTE     af200000,     af200000,     af240000|TAMS     af200000|UWM     af200000|U     0B|T     0B|G     0B|S     0B|L     0B|CP   0
|  501|EU |BTE     af240000,     af240000,     af280000|TAMS     af240000|UWM     af240000|U     0B|T     0B|G     0B|S     0B|L     0B|CP   0
|  502|EU |BTE     af280000,     af280000,     af2c0000|TAMS     af280000|UWM     af280000|U     0B|T     0B|G     0B|S     0B|L     0B|CP   0
|  503|EU |BTE     af2c0000,     af2c0000,     af300000|TAMS     af2c0000|UWM     af2c0000|U     0B|T     0B|G     0B|S     0B|L     0B|CP   0
|  504|EU |BTE     af300000,     af300000,     af340000|TAMS     af300000|UWM     af300000|U     0B|T     0B|G     0B|S     0B|L     0B|CP   0
|  505|EU |BTE     af340000,     af340000,     af380000|TAMS     af340000|UWM     af340000|U     0B|T     0B|G     0B|S     0B|L     0B|CP   0
|  506|EU |BTE     af380000,     af380000,     af3c0000|TAMS     af380000|UWM     af380000|U     0B|T     0B|G     0B|S     0B|L     0B|CP   0
|  507|EU |BTE     af3c0000,     af3c0000,     af400000|TAMS     af3c0000|UWM     af3c0000|U     0B|T     0B|G     0B|S     0B|L     0B|CP   0
|  508|EU |BTE     af400000,     af400000,     af440000|TAMS     af400000|UWM     af400000|U     0B|T     0B|G     0B|S     0B|L     0B|CP   0
|  509|EU |BTE     af440000,     af440000,     af480000|TAMS     af440000|UWM     af440000|U     0B|T     0B|G     0B|S     0B|L     0B|CP   0
|  510|EU |BTE     af480000,     af480000,     af4c0000|TAMS     af480000|UWM     af480000|U     0B|T     0B|G     0B|S     0B|L     0B|CP   0
|  511|EU |BTE     af4c0000,     af4c0000,     af500000|TAMS     af4c0000|UWM     af4c0000|U     0B|T     0B|G     0B|S     0B|L     0B|CP   0
|  512|EU |BTE     af500000,     af500000,     af540000|TAMS     af500000|UWM     af500000|U     0B|T     0B|G     0B|S     0B|L     0B|CP   0
|  513|EU |BTE     af540000,     af540000,     af580000|TAMS     af540000|UWM     af540000|U     0B|T     0B|G     0B|S     0B|L     0B|CP   0
|  514|EU |BTE     af580000,     af580000,     af5c0000|TAMS     af580000|UWM     af580000|U     0B|T     0B|G     0B|S     0B|L     0B|CP   0
|  515|EU |BTE     af5c0000,     af5c0000,     af600000|TAMS     af5c0000|UWM     af5c0000|U     0B|T     0B|G     0B|S     0B|L     0B|CP   0
|  516|EU |BTE     af600000,     af600000,     af640000|TAMS     af600000|UWM     af600000|U     0B|T     0B|G     0B|S     0B|L     0B|CP   0
|  517|EU |BTE     af640000,     af640000,     af680000|TAMS     af640000|UWM     af640000|U     0B|T     0B|G     0B|S     0B|L     0B|CP   0
|  518|EU |BTE     af680000,     af680000,     af6c0000|TAMS     af680000|UWM     af680000|U     0B|T     0B|G     0B|S     0B|L     0B|CP   0
|  519|EU |BTE     af6c0000,     af6c0000,     af700000|TAMS     af6c0000|UWM     af6c0000|U     0B|T     0B|G     0B|S     0B|L     0B|CP   0
|  520|EU |BTE     af700000,     af700000,     af740000|TAMS     af700000|UWM     af700000|U     0B|T     0B|G     0B|S     0B|L     0B|CP   0
|  521|EU |BTE     af740000,     af740000,     af780000|TAMS     af740000|UWM     af740000|U     0B|T     0B|G     0B|S     0B|L     0B|CP   0
|  522|EU |BTE     af780000,     af780000,     af7c0000|TAMS     af780000|UWM     af780000|U     0B|T     0B|G     0B|S     0B|L     0B|CP   0
|  523|EU |BTE     af7c0000,     af7c0000,     af800000|TAMS     af7c0000|UWM     af7c0000|U     0B|T     0B|G     0B|S     0B|L     0B|CP   0
|  524|EU |BTE     af800000,     af800000,     af840000|TAMS     af800000|UWM     af800000|U     0B|T     0B|G     0B|S     0B|L     0B|CP   0
|  525|EU |BTE     af840000,     af840000,     af880000|TAMS     af840000|UWM     af840000|U     0B|T     0B|G     0B|S     0B|L     0B|CP   0
|  526|EU |BTE     af880000,     af880000,     af8c0000|TAMS     af880000|UWM     af880000|U     0B|T     0B|G     0B|S     0B|L     0B|CP   0
|  527|EU |BTE     af8c0000,     af8c0000,     af900000|TAMS     af8c0000|UWM     af8c0000|U     0B|T     0B|G     0B|S     0B|L     0B|CP   0
|  528|EU |BTE     af900000,     af900000,     af940000|TAMS     af900000|UWM     af900000|U     0B|T     0B|G     0B|S     0B|L     0B|CP   0
|  529|EU |BTE     af940000,     af940000,     af980000|TAMS     af940000|UWM     af940000|U     0B|T     0B|G     0B|S     0B|L     0B|CP   0
|  530|EU |BTE     af980000,     af980000,     af9c0000|TAMS     af980000|UWM     af980000|U     0B|T     0B|G     0B|S     0B|L     0B|CP   0
|  531|EU |BTE     af9c0000,     af9c0000,     afa00000|TAMS     af9c0000|UWM     af9c0000|U     0B|T     0B|G     0B|S     0B|L     0B|CP   0
|  532|EU |BTE     afa00000,     afa00000,     afa40000|TAMS     afa00000|UWM     afa00000|U     0B|T     0B|G     0B|S     0B|L     0B|CP   0
|  533|EU |BTE     afa40000,     afa40000,     afa80000|TAMS     afa40000|UWM     afa40000|U     0B|T     0B|G     0B|S     0B|L     0B|CP   0
|  534|EU |BTE     afa80000,     afa80000,     afac0000|TAMS     afa80000|UWM     afa80000|U     0B|T     0B|G     0B|S     0B|L     0B|CP   0
|  535|EU |BTE     afac0000,     afac0000,     afb00000|TAMS     afac0000|UWM     afac0000|U     0B|T     0B|G     0B|S     0B|L     0B|CP   0
|  536|EU |BTE     afb00000,     afb00000,     afb40000|TAMS     afb00000|UWM     afb00000|U     0B|T     0B|G     0B|S     0B|L     0B|CP   0
|  537|EU |BTE     afb40000,     afb40000,     afb80000|TAMS     afb40000|UWM     afb40000|U     0B|T     0B|G     0B|S     0B|L     0B|CP   0
|  538|EU |BTE     afb80000,     afb80000,     afbc0000|TAMS     afb80000|UWM     afb80000|U     0B|T     0B|G     0B|S     0B|L     0B|CP   0
|  539|EU |BTE     afbc0000,     afbc0000,     afc00000|TAMS     afbc0000|UWM     afbc0000|U     0B|T     0B|G     0B|S     0B|L     0B|CP   0
|  540|EU |BTE     afc00000,     afc00000,     afc40000|TAMS     afc00000|UWM     afc00000|U     0B|T     0B|G     0B|S     0B|L     0B|CP   0
|  541|EU |BTE     afc40000,     afc40000,     afc80000|TAMS     afc40000|UWM     afc40000|U     0B|T     0B|G     0B|S     0B|L     0B|CP   0
|  542|EU |BTE     afc80000,     afc80000,     afcc0000|TAMS     afc80000|UWM     afc80000|U     0B|T     0B|G     0B|S     0B|L     0B|CP   0
|  543|EU |BTE     afcc0000,     afcc0000,     afd00000|TAMS     afcc0000|UWM     afcc0000|U     0B|T     0B|G     0B|S     0B|L     0B|CP   0
|  544|EU |BTE     afd00000,     afd00000,     afd40000|TAMS     afd00000|UWM     afd00000|U     0B|T     0B|G     0B|S     0B|L     0B|CP   0
|  545|EU |BTE     afd40000,     afd40000,     afd80000|TAMS     afd40000|UWM     afd40000|U     0B|T     0B|G     0B|S     0B|L     0B|CP   0
|  546|EU |BTE     afd80000,     afd80000,     afdc0000|TAMS     afd80000|UWM     afd80000|U     0B|T     0B|G     0B|S     0B|L     0B|CP   0
|  547|EU |BTE     afdc0000,     afdc0000,     afe00000|TAMS     afdc0000|UWM     afdc0000|U     0B|T     0B|G     0B|S     0B|L     0B|CP   0
|  548|EU |BTE     afe00000,     afe00000,     afe40000|TAMS     afe00000|UWM     afe00000|U     0B|T     0B|G     0B|S     0B|L     0B|CP   0
|  549|EU |BTE     afe40000,     afe40000,     afe80000|TAMS     afe40000|UWM     afe40000|U     0B|T     0B|G     0B|S     0B|L     0B|CP   0
|  550|EU |BTE     afe80000,     afe80000,     afec0000|TAMS     afe80000|UWM     afe80000|U     0B|T     0B|G     0B|S     0B|L     0B|CP   0
|  551|EU |BTE     afec0000,     afec0000,     aff00000|TAMS     afec0000|UWM     afec0000|U     0B|T     0B|G     0B|S     0B|L     0B|CP   0
|  552|EU |BTE     aff00000,     aff00000,     aff40000|TAMS     aff00000|UWM     aff00000|U     0B|T     0B|G     0B|S     0B|L     0B|CP   0
|  553|EU |BTE     aff40000,     aff40000,     aff80000|TAMS     aff40000|UWM     aff40000|U     0B|T     0B|G     0B|S     0B|L     0B|CP   0
|  554|EU |BTE     aff80000,     aff80000,     affc0000|TAMS     aff80000|UWM     aff80000|U     0B|T     0B|G     0B|S     0B|L     0B|CP   0
|  555|EU |BTE     affc0000,     affc0000,     b0000000|TAMS     affc0000|UWM     affc0000|U     0B|T     0B|G     0B|S     0B|L     0B|CP   0
|  556|EU |BTE     b0000000,     b0000000,     b0040000|TAMS     b0000000|UWM     b0000000|U     0B|T     0B|G     0B|S     0B|L     0B|CP   0
|  557|EU |BTE     b0040000,     b0040000,     b0080000|TAMS     b0040000|UWM     b0040000|U     0B|T     0B|G     0B|S     0B|L     0B|CP   0
|  558|EU |BTE     b0080000,     b0080000,     b00c0000|TAMS     b0080000|UWM     b0080000|U     0B|T     0B|G     0B|S     0B|L     0B|CP   0
|  559|EU |BTE     b00c0000,     b00c0000,     b0100000|TAMS     b00c0000|UWM     b00c0000|U     0B|T     0B|G     0B|S     0B|L     0B|CP   0
|  560|EU |BTE     b0100000,     b0100000,     b0140000|TAMS     b0100000|UWM     b0100000|U     0B|T     0B|G     0B|S     0B|L     0B|CP   0
|  561|EU |BTE     b0140000,     b0140000,     b0180000|TAMS     b0140000|UWM     b0140000|U     0B|T     0B|G     0B|S     0B|L     0B|CP   0
|  562|EU |BTE     b0180000,     b0180000,     b01c0000|TAMS     b0180000|UWM     b0180000|U     0B|T     0B|G     0B|S     0B|L     0B|CP   0
|  563|EU |BTE     b01c0000,     b01c0000,     b0200000|TAMS     b01c0000|UWM     b01c0000|U     0B|T     0B|G     0B|S     0B|L     0B|CP   0
|  564|EU |BTE     b0200000,     b0200000,     b0240000|TAMS     b0200000|UWM     b0200000|U     0B|T     0B|G     0B|S     0B|L     0B|CP   0
|  565|EU |BTE     b0240000,     b0240000,     b0280000|TAMS     b0240000|UWM     b0240000|U     0B|T     0B|G     0B|S     0B|L     0B|CP   0
|  566|EU |BTE     b0280000,     b0280000,     b02c0000|TAMS     b0280000|UWM     b0280000|U     0B|T     0B|G     0B|S     0B|L     0B|CP   0
|  567|EU |BTE     b02c0000,     b02c0000,     b0300000|TAMS     b02c0000|UWM     b02c0000|U     0B|T     0B|G     0B|S     0B|L     0B|CP   0
|  568|EU |BTE     b0300000,     b0300000,     b0340000|TAMS     b0300000|UWM     b0300000|U     0B|T     0B|G     0B|S     0B|L     0B|CP   0
|  569|EU |BTE     b0340000,     b0340000,     b0380000|TAMS     b0340000|UWM     b0340000|U     0B|T     0B|G     0B|S     0B|L     0B|CP   0
|  570|EU |BTE     b0380000,     b0380000,     b03c0000|TAMS     b0380000|UWM     b0380000|U     0B|T     0B|G     0B|S     0B|L     0B|CP   0
|  571|EU |BTE     b03c0000,     b03c0000,     b0400000|TAMS     b03c0000|UWM     b03c0000|U     0B|T     0B|G     0B|S     0B|L     0B|CP   0
|  572|EU |BTE     b0400000,     b0400000,     b0440000|TAMS     b0400000|UWM     b0400000|U     0B|T     0B|G     0B|S     0B|L     0B|CP   0
|  573|EU |BTE     b0440000,     b0440000,     b0480000|TAMS     b0440000|UWM     b0440000|U     0B|T     0B|G     0B|S     0B|L     0B|CP   0
|  574|EU |BTE     b0480000,     b0480000,     b04c0000|TAMS     b0480000|UWM     b0480000|U     0B|T     0B|G     0B|S     0B|L     0B|CP   0
|  575|EU |BTE     b04c0000,     b04c0000,     b0500000|TAMS     b04c0000|UWM     b04c0000|U     0B|T     0B|G     0B|S     0B|L     0B|CP   0
|  576|EU |BTE     b0500000,     b0500000,     b0540000|TAMS     b0500000|UWM     b0500000|U     0B|T     0B|G     0B|S     0B|L     0B|CP   0
|  577|EU |BTE     b0540000,     b0540000,     b0580000|TAMS     b0540000|UWM     b0540000|U     0B|T     0B|G     0B|S     0B|L     0B|CP   0
|  578|EU |BTE     b0580000,     b0580000,     b05c0000|TAMS     b0580000|UWM     b0580000|U     0B|T     0B|G     0B|S     0B|L     0B|CP   0
|  579|EU |BTE     b05c0000,     b05c0000,     b0600000|TAMS     b05c0000|UWM     b05c0000|U     0B|T     0B|G     0B|S     0B|L     0B|CP   0
|  580|EU |BTE     b0600000,     b0600000,     b0640000|TAMS     b0600000|UWM     b0600000|U     0B|T     0B|G     0B|S     0B|L     0B|CP   0
|  581|EU |BTE     b0640000,     b0640000,     b0680000|TAMS     b0640000|UWM     b0640000|U     0B|T     0B|G     0B|S     0B|L     0B|CP   0
|  582|EU |BTE     b0680000,     b0680000,     b06c0000|TAMS     b0680000|UWM     b0680000|U     0B|T     0B|G     0B|S     0B|L     0B|CP   0
|  583|EU |BTE     b06c0000,     b06c0000,     b0700000|TAMS     b06c0000|UWM     b06c0000|U     0B|T     0B|G     0B|S     0B|L     0B|CP   0
|  584|EU |BTE     b0700000,     b0700000,     b0740000|TAMS     b0700000|UWM     b0700000|U     0B|T     0B|G     0B|S     0B|L     0B|CP   0
|  585|EU |BTE     b0740000,     b0740000,     b0780000|TAMS     b0740000|UWM     b0740000|U     0B|T     0B|G     0B|S     0B|L     0B|CP   0
|  586|EU |BTE     b0780000,     b0780000,     b07c0000|TAMS     b0780000|UWM     b0780000|U     0B|T     0B|G     0B|S     0B|L     0B|CP   0
|  587|EU |BTE     b07c0000,     b07c0000,     b0800000|TAMS     b07c0000|UWM     b07c0000|U     0B|T     0B|G     0B|S     0B|L     0B|CP   0
|  588|EU |BTE     b0800000,     b0800000,     b0840000|TAMS     b0800000|UWM     b0800000|U     0B|T     0B|G     0B|S     0B|L     0B|CP   0
|  589|EU |BTE     b0840000,     b0840000,     b0880000|TAMS     b0840000|UWM     b0840000|U     0B|T     0B|G     0B|S     0B|L     0B|CP   0
|  590|EU |BTE     b0880000,     b0880000,     b08c0000|TAMS     b0880000|UWM     b0880000|U     0B|T     0B|G     0B|S     0B|L     0B|CP   0
|  591|EU |BTE     b08c0000,     b08c0000,     b0900000|TAMS     b08c0000|UWM     b08c0000|U     0B|T     0B|G     0B|S     0B|L     0B|CP   0
|  592|EU |BTE     b0900000,     b0900000,     b0940000|TAMS     b0900000|UWM     b0900000|U     0B|T     0B|G     0B|S     0B|L     0B|CP   0
|  593|EU |BTE     b0940000,     b0940000,     b0980000|TAMS     b0940000|UWM     b0940000|U     0B|T     0B|G     0B|S     0B|L     0B|CP   0
|  594|EU |BTE     b0980000,     b0980000,     b09c0000|TAMS     b0980000|UWM     b0980000|U     0B|T     0B|G     0B|S     0B|L     0B|CP   0
|  595|EU |BTE     b09c0000,     b09c0000,     b0a00000|TAMS     b09c0000|UWM     b09c0000|U     0B|T     0B|G     0B|S     0B|L     0B|CP   0
|  596|EU |BTE     b0a00000,     b0a00000,     b0a40000|TAMS     b0a00000|UWM     b0a00000|U     0B|T     0B|G     0B|S     0B|L     0B|CP   0
|  597|EU |BTE     b0a40000,     b0a40000,     b0a80000|TAMS     b0a40000|UWM     b0a40000|U     0B|T     0B|G     0B|S     0B|L     0B|CP   0
|  598|EU |BTE     b0a80000,     b0a80000,     b0ac0000|TAMS     b0a80000|UWM     b0a80000|U     0B|T     0B|G     0B|S     0B|L     0B|CP   0
|  599|EU |BTE     b0ac0000,     b0ac0000,     b0b00000|TAMS     b0ac0000|UWM     b0ac0000|U     0B|T     0B|G     0B|S     0B|L     0B|CP   0
|  600|EU |BTE     b0b00000,     b0b00000,     b0b40000|TAMS     b0b00000|UWM     b0b00000|U     0B|T     0B|G     0B|S     0B|L     0B|CP   0
|  601|EU |BTE     b0b40000,     b0b40000,     b0b80000|TAMS     b0b40000|UWM     b0b40000|U     0B|T     0B|G     0B|S     0B|L     0B|CP   0
|  602|EU |BTE     b0b80000,     b0b80000,     b0bc0000|TAMS     b0b80000|UWM     b0b80000|U     0B|T     0B|G     0B|S     0B|L     0B|CP   0
|  603|EU |BTE     b0bc0000,     b0bc0000,     b0c00000|TAMS     b0bc0000|UWM     b0bc0000|U     0B|T     0B|G     0B|S     0B|L     0B|CP   0
|  604|EU |BTE     b0c00000,     b0c00000,     b0c40000|TAMS     b0c00000|UWM     b0c00000|U     0B|T     0B|G     0B|S     0B|L     0B|CP   0
|  605|EU |BTE     b0c40000,     b0c40000,     b0c80000|TAMS     b0c40000|UWM     b0c40000|U     0B|T     0B|G     0B|S     0B|L     0B|CP   0
|  606|EU |BTE     b0c80000,     b0c80000,     b0cc0000|TAMS     b0c80000|UWM     b0c80000|U     0B|T     0B|G     0B|S     0B|L     0B|CP   0
|  607|EU |BTE     b0cc0000,     b0cc0000,     b0d00000|TAMS     b0cc0000|UWM     b0cc0000|U     0B|T     0B|G     0B|S     0B|L     0B|CP   0
|  608|EU |BTE     b0d00000,     b0d00000,     b0d40000|TAMS     b0d00000|UWM     b0d00000|U     0B|T     0B|G     0B|S     0B|L     0B|CP   0
|  609|EU |BTE     b0d40000,     b0d40000,     b0d80000|TAMS     b0d40000|UWM     b0d40000|U     0B|T     0B|G     0B|S     0B|L     0B|CP   0
|  610|EU |BTE     b0d80000,     b0d80000,     b0dc0000|TAMS     b0d80000|UWM     b0d80000|U     0B|T     0B|G     0B|S     0B|L     0B|CP   0
|  611|EU |BTE     b0dc0000,     b0dc0000,     b0e00000|TAMS     b0dc0000|UWM     b0dc0000|U     0B|T     0B|G     0B|S     0B|L     0B|CP   0
|  612|EU |BTE     b0e00000,     b0e00000,     b0e40000|TAMS     b0e00000|UWM     b0e00000|U     0B|T     0B|G     0B|S     0B|L     0B|CP   0
|  613|EU |BTE     b0e40000,     b0e40000,     b0e80000|TAMS     b0e40000|UWM     b0e40000|U     0B|T     0B|G     0B|S     0B|L     0B|CP   0
|  614|EU |BTE     b0e80000,     b0e80000,     b0ec0000|TAMS     b0e80000|UWM     b0e80000|U     0B|T     0B|G     0B|S     0B|L     0B|CP   0
|  615|EU |BTE     b0ec0000,     b0ec0000,     b0f00000|TAMS     b0ec0000|UWM     b0ec0000|U     0B|T     0B|G     0B|S     0B|L     0B|CP   0
|  616|EU |BTE     b0f00000,     b0f00000,     b0f40000|TAMS     b0f00000|UWM     b0f00000|U     0B|T     0B|G     0B|S     0B|L     0B|CP   0
|  617|EU |BTE     b0f40000,     b0f40000,     b0f80000|TAMS     b0f40000|UWM     b0f40000|U     0B|T     0B|G     0B|S     0B|L     0B|CP   0
|  618|EU |BTE     b0f80000,     b0f80000,     b0fc0000|TAMS     b0f80000|UWM     b0f80000|U     0B|T     0B|G     0B|S     0B|L     0B|CP   0
|  619|EU |BTE     b0fc0000,     b0fc0000,     b1000000|TAMS     b0fc0000|UWM     b0fc0000|U     0B|T     0B|G     0B|S     0B|L     0B|CP   0
|  620|EU |BTE     b1000000,     b1000000,     b1040000|TAMS     b1000000|UWM     b1000000|U     0B|T     0B|G     0B|S     0B|L     0B|CP   0
|  621|EU |BTE     b1040000,     b1040000,     b1080000|TAMS     b1040000|UWM     b1040000|U     0B|T     0B|G     0B|S     0B|L     0B|CP   0
|  622|EU |BTE     b1080000,     b1080000,     b10c0000|TAMS     b1080000|UWM     b1080000|U     0B|T     0B|G     0B|S     0B|L     0B|CP   0
|  623|EU |BTE     b10c0000,     b10c0000,     b1100000|TAMS     b10c0000|UWM     b10c0000|U     0B|T     0B|G     0B|S     0B|L     0B|CP   0
|  624|EU |BTE     b1100000,     b1100000,     b1140000|TAMS     b1100000|UWM     b1100000|U     0B|T     0B|G     0B|S     0B|L     0B|CP   0
|  625|EU |BTE     b1140000,     b1140000,     b1180000|TAMS     b1140000|UWM     b1140000|U     0B|T     0B|G     0B|S     0B|L     0B|CP   0
|  626|EU |BTE     b1180000,     b1180000,     b11c0000|TAMS     b1180000|UWM     b1180000|U     0B|T     0B|G     0B|S     0B|L     0B|CP   0
|  627|EU |BTE     b11c0000,     b11c0000,     b1200000|TAMS     b11c0000|UWM     b11c0000|U     0B|T     0B|G     0B|S     0B|L     0B|CP   0
|  628|EU |BTE     b1200000,     b1200000,     b1240000|TAMS     b1200000|UWM     b1200000|U     0B|T     0B|G     0B|S     0B|L     0B|CP   0
|  629|EU |BTE     b1240000,     b1240000,     b1280000|TAMS     b1240000|UWM     b1240000|U     0B|T     0B|G     0B|S     0B|L     0B|CP   0
|  630|EU |BTE     b1280000,     b1280000,     b12c0000|TAMS     b1280000|UWM     b1280000|U     0B|T     0B|G     0B|S     0B|L     0B|CP   0
|  631|EU |BTE     b12c0000,     b12c0000,     b1300000|TAMS     b12c0000|UWM     b12c0000|U     0B|T     0B|G     0B|S     0B|L     0B|CP   0
|  632|EU |BTE     b1300000,     b1300000,     b1340000|TAMS     b1300000|UWM     b1300000|U     0B|T     0B|G     0B|S     0B|L     0B|CP   0
|  633|EU |BTE     b1340000,     b1340000,     b1380000|TAMS     b1340000|UWM     b1340000|U     0B|T     0B|G     0B|S     0B|L     0B|CP   0
|  634|EU |BTE     b1380000,     b1380000,     b13c0000|TAMS     b1380000|UWM     b1380000|U     0B|T     0B|G     0B|S     0B|L     0B|CP   0
|  635|EU |BTE     b13c0000,     b13c0000,     b1400000|TAMS     b13c0000|UWM     b13c0000|U     0B|T     0B|G     0B|S     0B|L     0B|CP   0
|  636|EU |BTE     b1400000,     b1400000,     b1440000|TAMS     b1400000|UWM     b1400000|U     0B|T     0B|G     0B|S     0B|L     0B|CP   0
|  637|EU |BTE     b1440000,     b1440000,     b1480000|TAMS     b1440000|UWM     b1440000|U     0B|T     0B|G     0B|S     0B|L     0B|CP   0
|  638|EU |BTE     b1480000,     b1480000,     b14c0000|TAMS     b1480000|UWM     b1480000|U     0B|T     0B|G     0B|S     0B|L     0B|CP   0
|  639|EU |BTE     b14c0000,     b14c0000,     b1500000|TAMS     b14c0000|UWM     b14c0000|U     0B|T     0B|G     0B|S     0B|L     0B|CP   0
|  640|EU |BTE     b1500000,     b1500000,     b1540000|TAMS     b1500000|UWM     b1500000|U     0B|T     0B|G     0B|S     0B|L     0B|CP   0
|  641|EU |BTE     b1540000,     b1540000,     b1580000|TAMS     b1540000|UWM     b1540000|U     0B|T     0B|G     0B|S     0B|L     0B|CP   0
|  642|EU |BTE     b1580000,     b1580000,     b15c0000|TAMS     b1580000|UWM     b1580000|U     0B|T     0B|G     0B|S     0B|L     0B|CP   0
|  643|EU |BTE     b15c0000,     b15c0000,     b1600000|TAMS     b15c0000|UWM     b15c0000|U     0B|T     0B|G     0B|S     0B|L     0B|CP   0
|  644|EU |BTE     b1600000,     b1600000,     b1640000|TAMS     b1600000|UWM     b1600000|U     0B|T     0B|G     0B|S     0B|L     0B|CP   0
|  645|EU |BTE     b1640000,     b1640000,     b1680000|TAMS     b1640000|UWM     b1640000|U     0B|T     0B|G     0B|S     0B|L     0B|CP   0
|  646|EU |BTE     b1680000,     b1680000,     b16c0000|TAMS     b1680000|UWM     b1680000|U     0B|T     0B|G     0B|S     0B|L     0B|CP   0
|  647|EU |BTE     b16c0000,     b16c0000,     b1700000|TAMS     b16c0000|UWM     b16c0000|U     0B|T     0B|G     0B|S     0B|L     0B|CP   0
|  648|EU |BTE     b1700000,     b1700000,     b1740000|TAMS     b1700000|UWM     b1700000|U     0B|T     0B|G     0B|S     0B|L     0B|CP   0
|  649|EU |BTE     b1740000,     b1740000,     b1780000|TAMS     b1740000|UWM     b1740000|U     0B|T     0B|G     0B|S     0B|L     0B|CP   0
|  650|EU |BTE     b1780000,     b1780000,     b17c0000|TAMS     b1780000|UWM     b1780000|U     0B|T     0B|G     0B|S     0B|L     0B|CP   0
|  651|EU |BTE     b17c0000,     b17c0000,     b1800000|TAMS     b17c0000|UWM     b17c0000|U     0B|T     0B|G     0B|S     0B|L     0B|CP   0
|  652|EU |BTE     b1800000,     b1800000,     b1840000|TAMS     b1800000|UWM     b1800000|U     0B|T     0B|G     0B|S     0B|L     0B|CP   0
|  653|EU |BTE     b1840000,     b1840000,     b1880000|TAMS     b1840000|UWM     b1840000|U     0B|T     0B|G     0B|S     0B|L     0B|CP   0
|  654|EU |BTE     b1880000,     b1880000,     b18c0000|TAMS     b1880000|UWM     b1880000|U     0B|T     0B|G     0B|S     0B|L     0B|CP   0
|  655|EU |BTE     b18c0000,     b18c0000,     b1900000|TAMS     b18c0000|UWM     b18c0000|U     0B|T     0B|G     0B|S     0B|L     0B|CP   0
|  656|EU |BTE     b1900000,     b1900000,     b1940000|TAMS     b1900000|UWM     b1900000|U     0B|T     0B|G     0B|S     0B|L     0B|CP   0
|  657|EU |BTE     b1940000,     b1940000,     b1980000|TAMS     b1940000|UWM     b1940000|U     0B|T     0B|G     0B|S     0B|L     0B|CP   0
|  658|EU |BTE     b1980000,     b1980000,     b19c0000|TAMS     b1980000|UWM     b1980000|U     0B|T     0B|G     0B|S     0B|L     0B|CP   0
|  659|EU |BTE     b19c0000,     b19c0000,     b1a00000|TAMS     b19c0000|UWM     b19c0000|U     0B|T     0B|G     0B|S     0B|L     0B|CP   0
|  660|EU |BTE     b1a00000,     b1a00000,     b1a40000|TAMS     b1a00000|UWM     b1a00000|U     0B|T     0B|G     0B|S     0B|L     0B|CP   0
|  661|EU |BTE     b1a40000,     b1a40000,     b1a80000|TAMS     b1a40000|UWM     b1a40000|U     0B|T     0B|G     0B|S     0B|L     0B|CP   0
|  662|EU |BTE     b1a80000,     b1a80000,     b1ac0000|TAMS     b1a80000|UWM     b1a80000|U     0B|T     0B|G     0B|S     0B|L     0B|CP   0
|  663|EU |BTE     b1ac0000,     b1ac0000,     b1b00000|TAMS     b1ac0000|UWM     b1ac0000|U     0B|T     0B|G     0B|S     0B|L     0B|CP   0
|  664|EU |BTE     b1b00000,     b1b00000,     b1b40000|TAMS     b1b00000|UWM     b1b00000|U     0B|T     0B|G     0B|S     0B|L     0B|CP   0
|  665|EU |BTE     b1b40000,     b1b40000,     b1b80000|TAMS     b1b40000|UWM     b1b40000|U     0B|T     0B|G     0B|S     0B|L     0B|CP   0
|  666|EU |BTE     b1b80000,     b1b80000,     b1bc0000|TAMS     b1b80000|UWM     b1b80000|U     0B|T     0B|G     0B|S     0B|L     0B|CP   0
|  667|EU |BTE     b1bc0000,     b1bc0000,     b1c00000|TAMS     b1bc0000|UWM     b1bc0000|U     0B|T     0B|G     0B|S     0B|L     0B|CP   0
|  668|EU |BTE     b1c00000,     b1c00000,     b1c40000|TAMS     b1c00000|UWM     b1c00000|U     0B|T     0B|G     0B|S     0B|L     0B|CP   0
|  669|EU |BTE     b1c40000,     b1c40000,     b1c80000|TAMS     b1c40000|UWM     b1c40000|U     0B|T     0B|G     0B|S     0B|L     0B|CP   0
|  670|EU |BTE     b1c80000,     b1c80000,     b1cc0000|TAMS     b1c80000|UWM     b1c80000|U     0B|T     0B|G     0B|S     0B|L     0B|CP   0
|  671|EU |BTE     b1cc0000,     b1cc0000,     b1d00000|TAMS     b1cc0000|UWM     b1cc0000|U     0B|T     0B|G     0B|S     0B|L     0B|CP   0
|  672|EU |BTE     b1d00000,     b1d00000,     b1d40000|TAMS     b1d00000|UWM     b1d00000|U     0B|T     0B|G     0B|S     0B|L     0B|CP   0
|  673|EU |BTE     b1d40000,     b1d40000,     b1d80000|TAMS     b1d40000|UWM     b1d40000|U     0B|T     0B|G     0B|S     0B|L     0B|CP   0
|  674|EU |BTE     b1d80000,     b1d80000,     b1dc0000|TAMS     b1d80000|UWM     b1d80000|U     0B|T     0B|G     0B|S     0B|L     0B|CP   0
|  675|EU |BTE     b1dc0000,     b1dc0000,     b1e00000|TAMS     b1dc0000|UWM     b1dc0000|U     0B|T     0B|G     0B|S     0B|L     0B|CP   0
|  676|EU |BTE     b1e00000,     b1e00000,     b1e40000|TAMS     b1e00000|UWM     b1e00000|U     0B|T     0B|G     0B|S     0B|L     0B|CP   0
|  677|EU |BTE     b1e40000,     b1e40000,     b1e80000|TAMS     b1e40000|UWM     b1e40000|U     0B|T     0B|G     0B|S     0B|L     0B|CP   0
|  678|EU |BTE     b1e80000,     b1e80000,     b1ec0000|TAMS     b1e80000|UWM     b1e80000|U     0B|T     0B|G     0B|S     0B|L     0B|CP   0
|  679|EU |BTE     b1ec0000,     b1ec0000,     b1f00000|TAMS     b1ec0000|UWM     b1ec0000|U     0B|T     0B|G     0B|S     0B|L     0B|CP   0
|  680|EU |BTE     b1f00000,     b1f00000,     b1f40000|TAMS     b1f00000|UWM     b1f00000|U     0B|T     0B|G     0B|S     0B|L     0B|CP   0
|  681|EU |BTE     b1f40000,     b1f40000,     b1f80000|TAMS     b1f40000|UWM     b1f40000|U     0B|T     0B|G     0B|S     0B|L     0B|CP   0
|  682|EU |BTE     b1f80000,     b1f80000,     b1fc0000|TAMS     b1f80000|UWM     b1f80000|U     0B|T     0B|G     0B|S     0B|L     0B|CP   0
|  683|EU |BTE     b1fc0000,     b1fc0000,     b2000000|TAMS     b1fc0000|UWM     b1fc0000|U     0B|T     0B|G     0B|S     0B|L     0B|CP   0
|  684|EU |BTE     b2000000,     b2000000,     b2040000|TAMS     b2000000|UWM     b2000000|U     0B|T     0B|G     0B|S     0B|L     0B|CP   0
|  685|EU |BTE     b2040000,     b2040000,     b2080000|TAMS     b2040000|UWM     b2040000|U     0B|T     0B|G     0B|S     0B|L     0B|CP   0
|  686|EU |BTE     b2080000,     b2080000,     b20c0000|TAMS     b2080000|UWM     b2080000|U     0B|T     0B|G     0B|S     0B|L     0B|CP   0
|  687|EU |BTE     b20c0000,     b20c0000,     b2100000|TAMS     b20c0000|UWM     b20c0000|U     0B|T     0B|G     0B|S     0B|L     0B|CP   0
|  688|EU |BTE     b2100000,     b2100000,     b2140000|TAMS     b2100000|UWM     b2100000|U     0B|T     0B|G     0B|S     0B|L     0B|CP   0
|  689|EU |BTE     b2140000,     b2140000,     b2180000|TAMS     b2140000|UWM     b2140000|U     0B|T     0B|G     0B|S     0B|L     0B|CP   0
|  690|EU |BTE     b2180000,     b2180000,     b21c0000|TAMS     b2180000|UWM     b2180000|U     0B|T     0B|G     0B|S     0B|L     0B|CP   0
|  691|EU |BTE     b21c0000,     b21c0000,     b2200000|TAMS     b21c0000|UWM     b21c0000|U     0B|T     0B|G     0B|S     0B|L     0B|CP   0
|  692|EU |BTE     b2200000,     b2200000,     b2240000|TAMS     b2200000|UWM     b2200000|U     0B|T     0B|G     0B|S     0B|L     0B|CP   0
|  693|EU |BTE     b2240000,     b2240000,     b2280000|TAMS     b2240000|UWM     b2240000|U     0B|T     0B|G     0B|S     0B|L     0B|CP   0
|  694|EU |BTE     b2280000,     b2280000,     b22c0000|TAMS     b2280000|UWM     b2280000|U     0B|T     0B|G     0B|S     0B|L     0B|CP   0
|  695|EU |BTE     b22c0000,     b22c0000,     b2300000|TAMS     b22c0000|UWM     b22c0000|U     0B|T     0B|G     0B|S     0B|L     0B|CP   0
|  696|EU |BTE     b2300000,     b2300000,     b2340000|TAMS     b2300000|UWM     b2300000|U     0B|T     0B|G     0B|S     0B|L     0B|CP   0
|  697|EU |BTE     b2340000,     b2340000,     b2380000|TAMS     b2340000|UWM     b2340000|U     0B|T     0B|G     0B|S     0B|L     0B|CP   0
|  698|EU |BTE     b2380000,     b2380000,     b23c0000|TAMS     b2380000|UWM     b2380000|U     0B|T     0B|G     0B|S     0B|L     0B|CP   0
|  699|EU |BTE     b23c0000,     b23c0000,     b2400000|TAMS     b23c0000|UWM     b23c0000|U     0B|T     0B|G     0B|S     0B|L     0B|CP   0
|  700|EU |BTE     b2400000,     b2400000,     b2440000|TAMS     b2400000|UWM     b2400000|U     0B|T     0B|G     0B|S     0B|L     0B|CP   0
|  701|EU |BTE     b2440000,     b2440000,     b2480000|TAMS     b2440000|UWM     b2440000|U     0B|T     0B|G     0B|S     0B|L     0B|CP   0
|  702|EU |BTE     b2480000,     b2480000,     b24c0000|TAMS     b2480000|UWM     b2480000|U     0B|T     0B|G     0B|S     0B|L     0B|CP   0
|  703|EU |BTE     b24c0000,     b24c0000,     b2500000|TAMS     b24c0000|UWM     b24c0000|U     0B|T     0B|G     0B|S     0B|L     0B|CP   0
|  704|EU |BTE     b2500000,     b2500000,     b2540000|TAMS     b2500000|UWM     b2500000|U     0B|T     0B|G     0B|S     0B|L     0B|CP   0
|  705|EU |BTE     b2540000,     b2540000,     b2580000|TAMS     b2540000|UWM     b2540000|U     0B|T     0B|G     0B|S     0B|L     0B|CP   0
|  706|EU |BTE     b2580000,     b2580000,     b25c0000|TAMS     b2580000|UWM     b2580000|U     0B|T     0B|G     0B|S     0B|L     0B|CP   0
|  707|EU |BTE     b25c0000,     b25c0000,     b2600000|TAMS     b25c0000|UWM     b25c0000|U     0B|T     0B|G     0B|S     0B|L     0B|CP   0
|  708|EU |BTE     b2600000,     b2600000,     b2640000|TAMS     b2600000|UWM     b2600000|U     0B|T     0B|G     0B|S     0B|L     0B|CP   0
|  709|EU |BTE     b2640000,     b2640000,     b2680000|TAMS     b2640000|UWM     b2640000|U     0B|T     0B|G     0B|S     0B|L     0B|CP   0
|  710|EU |BTE     b2680000,     b2680000,     b26c0000|TAMS     b2680000|UWM     b2680000|U     0B|T     0B|G     0B|S     0B|L     0B|CP   0
|  711|EU |BTE     b26c0000,     b26c0000,     b2700000|TAMS     b26c0000|UWM     b26c0000|U     0B|T     0B|G     0B|S     0B|L     0B|CP   0
|  712|EU |BTE     b2700000,     b2700000,     b2740000|TAMS     b2700000|UWM     b2700000|U     0B|T     0B|G     0B|S     0B|L     0B|CP   0
|  713|EU |BTE     b2740000,     b2740000,     b2780000|TAMS     b2740000|UWM     b2740000|U     0B|T     0B|G     0B|S     0B|L     0B|CP   0
|  714|EU |BTE     b2780000,     b2780000,     b27c0000|TAMS     b2780000|UWM     b2780000|U     0B|T     0B|G     0B|S     0B|L     0B|CP   0
|  715|EU |BTE     b27c0000,     b27c0000,     b2800000|TAMS     b27c0000|UWM     b27c0000|U     0B|T     0B|G     0B|S     0B|L     0B|CP   0
|  716|EU |BTE     b2800000,     b2800000,     b2840000|TAMS     b2800000|UWM     b2800000|U     0B|T     0B|G     0B|S     0B|L     0B|CP   0
|  717|EU |BTE     b2840000,     b2840000,     b2880000|TAMS     b2840000|UWM     b2840000|U     0B|T     0B|G     0B|S     0B|L     0B|CP   0
|  718|EU |BTE     b2880000,     b2880000,     b28c0000|TAMS     b2880000|UWM     b2880000|U     0B|T     0B|G     0B|S     0B|L     0B|CP   0
|  719|EU |BTE     b28c0000,     b28c0000,     b2900000|TAMS     b28c0000|UWM     b28c0000|U     0B|T     0B|G     0B|S     0B|L     0B|CP   0
|  720|EU |BTE     b2900000,     b2900000,     b2940000|TAMS     b2900000|UWM     b2900000|U     0B|T     0B|G     0B|S     0B|L     0B|CP   0
|  721|EU |BTE     b2940000,     b2940000,     b2980000|TAMS     b2940000|UWM     b2940000|U     0B|T     0B|G     0B|S     0B|L     0B|CP   0
|  722|EU |BTE     b2980000,     b2980000,     b29c0000|TAMS     b2980000|UWM     b2980000|U     0B|T     0B|G     0B|S     0B|L     0B|CP   0
|  723|EU |BTE     b29c0000,     b29c0000,     b2a00000|TAMS     b29c0000|UWM     b29c0000|U     0B|T     0B|G     0B|S     0B|L     0B|CP   0
|  724|EU |BTE     b2a00000,     b2a00000,     b2a40000|TAMS     b2a00000|UWM     b2a00000|U     0B|T     0B|G     0B|S     0B|L     0B|CP   0
|  725|EU |BTE     b2a40000,     b2a40000,     b2a80000|TAMS     b2a40000|UWM     b2a40000|U     0B|T     0B|G     0B|S     0B|L     0B|CP   0
|  726|EU |BTE     b2a80000,     b2a80000,     b2ac0000|TAMS     b2a80000|UWM     b2a80000|U     0B|T     0B|G     0B|S     0B|L     0B|CP   0
|  727|EU |BTE     b2ac0000,     b2ac0000,     b2b00000|TAMS     b2ac0000|UWM     b2ac0000|U     0B|T     0B|G     0B|S     0B|L     0B|CP   0
|  728|EU |BTE     b2b00000,     b2b00000,     b2b40000|TAMS     b2b00000|UWM     b2b00000|U     0B|T     0B|G     0B|S     0B|L     0B|CP   0
|  729|EU |BTE     b2b40000,     b2b40000,     b2b80000|TAMS     b2b40000|UWM     b2b40000|U     0B|T     0B|G     0B|S     0B|L     0B|CP   0
|  730|EU |BTE     b2b80000,     b2b80000,     b2bc0000|TAMS     b2b80000|UWM     b2b80000|U     0B|T     0B|G     0B|S     0B|L     0B|CP   0
|  731|EU |BTE     b2bc0000,     b2bc0000,     b2c00000|TAMS     b2bc0000|UWM     b2bc0000|U     0B|T     0B|G     0B|S     0B|L     0B|CP   0
|  732|EU |BTE     b2c00000,     b2c00000,     b2c40000|TAMS     b2c00000|UWM     b2c00000|U     0B|T     0B|G     0B|S     0B|L     0B|CP   0
|  733|EU |BTE     b2c40000,     b2c40000,     b2c80000|TAMS     b2c40000|UWM     b2c40000|U     0B|T     0B|G     0B|S     0B|L     0B|CP   0
|  734|EU |BTE     b2c80000,     b2c80000,     b2cc0000|TAMS     b2c80000|UWM     b2c80000|U     0B|T     0B|G     0B|S     0B|L     0B|CP   0
|  735|EU |BTE     b2cc0000,     b2cc0000,     b2d00000|TAMS     b2cc0000|UWM     b2cc0000|U     0B|T     0B|G     0B|S     0B|L     0B|CP   0
|  736|EU |BTE     b2d00000,     b2d00000,     b2d40000|TAMS     b2d00000|UWM     b2d00000|U     0B|T     0B|G     0B|S     0B|L     0B|CP   0
|  737|EU |BTE     b2d40000,     b2d40000,     b2d80000|TAMS     b2d40000|UWM     b2d40000|U     0B|T     0B|G     0B|S     0B|L     0B|CP   0
|  738|EU |BTE     b2d80000,     b2d80000,     b2dc0000|TAMS     b2d80000|UWM     b2d80000|U     0B|T     0B|G     0B|S     0B|L     0B|CP   0
|  739|EU |BTE     b2dc0000,     b2dc0000,     b2e00000|TAMS     b2dc0000|UWM     b2dc0000|U     0B|T     0B|G     0B|S     0B|L     0B|CP   0
|  740|EU |BTE     b2e00000,     b2e00000,     b2e40000|TAMS     b2e00000|UWM     b2e00000|U     0B|T     0B|G     0B|S     0B|L     0B|CP   0
|  741|EU |BTE     b2e40000,     b2e40000,     b2e80000|TAMS     b2e40000|UWM     b2e40000|U     0B|T     0B|G     0B|S     0B|L     0B|CP   0
|  742|EU |BTE     b2e80000,     b2e80000,     b2ec0000|TAMS     b2e80000|UWM     b2e80000|U     0B|T     0B|G     0B|S     0B|L     0B|CP   0
|  743|EU |BTE     b2ec0000,     b2ec0000,     b2f00000|TAMS     b2ec0000|UWM     b2ec0000|U     0B|T     0B|G     0B|S     0B|L     0B|CP   0
|  744|EU |BTE     b2f00000,     b2f00000,     b2f40000|TAMS     b2f00000|UWM     b2f00000|U     0B|T     0B|G     0B|S     0B|L     0B|CP   0
|  745|EU |BTE     b2f40000,     b2f40000,     b2f80000|TAMS     b2f40000|UWM     b2f40000|U     0B|T     0B|G     0B|S     0B|L     0B|CP   0
|  746|EU |BTE     b2f80000,     b2f80000,     b2fc0000|TAMS     b2f80000|UWM     b2f80000|U     0B|T     0B|G     0B|S     0B|L     0B|CP   0
|  747|EU |BTE     b2fc0000,     b2fc0000,     b3000000|TAMS     b2fc0000|UWM     b2fc0000|U     0B|T     0B|G     0B|S     0B|L     0B|CP   0
|  748|EU |BTE     b3000000,     b3000000,     b3040000|TAMS     b3000000|UWM     b3000000|U     0B|T     0B|G     0B|S     0B|L     0B|CP   0
|  749|EU |BTE     b3040000,     b3040000,     b3080000|TAMS     b3040000|UWM     b3040000|U     0B|T     0B|G     0B|S     0B|L     0B|CP   0
|  750|EU |BTE     b3080000,     b3080000,     b30c0000|TAMS     b3080000|UWM     b3080000|U     0B|T     0B|G     0B|S     0B|L     0B|CP   0
|  751|EU |BTE     b30c0000,     b30c0000,     b3100000|TAMS     b30c0000|UWM     b30c0000|U     0B|T     0B|G     0B|S     0B|L     0B|CP   0
|  752|EU |BTE     b3100000,     b3100000,     b3140000|TAMS     b3100000|UWM     b3100000|U     0B|T     0B|G     0B|S     0B|L     0B|CP   0
|  753|EU |BTE     b3140000,     b3140000,     b3180000|TAMS     b3140000|UWM     b3140000|U     0B|T     0B|G     0B|S     0B|L     0B|CP   0
|  754|EU |BTE     b3180000,     b3180000,     b31c0000|TAMS     b3180000|UWM     b3180000|U     0B|T     0B|G     0B|S     0B|L     0B|CP   0
|  755|EU |BTE     b31c0000,     b31c0000,     b3200000|TAMS     b31c0000|UWM     b31c0000|U     0B|T     0B|G     0B|S     0B|L     0B|CP   0
|  756|EU |BTE     b3200000,     b3200000,     b3240000|TAMS     b3200000|UWM     b3200000|U     0B|T     0B|G     0B|S     0B|L     0B|CP   0
|  757|EU |BTE     b3240000,     b3240000,     b3280000|TAMS     b3240000|UWM     b3240000|U     0B|T     0B|G     0B|S     0B|L     0B|CP   0
|  758|EU |BTE     b3280000,     b3280000,     b32c0000|TAMS     b3280000|UWM     b3280000|U     0B|T     0B|G     0B|S     0B|L     0B|CP   0
|  759|EU |BTE     b32c0000,     b32c0000,     b3300000|TAMS     b32c0000|UWM     b32c0000|U     0B|T     0B|G     0B|S     0B|L     0B|CP   0
|  760|EU |BTE     b3300000,     b3300000,     b3340000|TAMS     b3300000|UWM     b3300000|U     0B|T     0B|G     0B|S     0B|L     0B|CP   0
|  761|EU |BTE     b3340000,     b3340000,     b3380000|TAMS     b3340000|UWM     b3340000|U     0B|T     0B|G     0B|S     0B|L     0B|CP   0
|  762|EU |BTE     b3380000,     b3380000,     b33c0000|TAMS     b3380000|UWM     b3380000|U     0B|T     0B|G     0B|S     0B|L     0B|CP   0
|  763|EU |BTE     b33c0000,     b33c0000,     b3400000|TAMS     b33c0000|UWM     b33c0000|U     0B|T     0B|G     0B|S     0B|L     0B|CP   0
|  764|EU |BTE     b3400000,     b3400000,     b3440000|TAMS     b3400000|UWM     b3400000|U     0B|T     0B|G     0B|S     0B|L     0B|CP   0
|  765|EU |BTE     b3440000,     b3440000,     b3480000|TAMS     b3440000|UWM     b3440000|U     0B|T     0B|G     0B|S     0B|L     0B|CP   0
|  766|EU |BTE     b3480000,     b3480000,     b34c0000|TAMS     b3480000|UWM     b3480000|U     0B|T     0B|G     0B|S     0B|L     0B|CP   0
|  767|EU |BTE     b34c0000,     b34c0000,     b3500000|TAMS     b34c0000|UWM     b34c0000|U     0B|T     0B|G     0B|S     0B|L     0B|CP   0
|  768|EU |BTE     b3500000,     b3500000,     b3540000|TAMS     b3500000|UWM     b3500000|U     0B|T     0B|G     0B|S     0B|L     0B|CP   0
|  769|EU |BTE     b3540000,     b3540000,     b3580000|TAMS     b3540000|UWM     b3540000|U     0B|T     0B|G     0B|S     0B|L     0B|CP   0
|  770|EU |BTE     b3580000,     b3580000,     b35c0000|TAMS     b3580000|UWM     b3580000|U     0B|T     0B|G     0B|S     0B|L     0B|CP   0
|  771|EU |BTE     b35c0000,     b35c0000,     b3600000|TAMS     b35c0000|UWM     b35c0000|U     0B|T     0B|G     0B|S     0B|L     0B|CP   0
|  772|EU |BTE     b3600000,     b3600000,     b3640000|TAMS     b3600000|UWM     b3600000|U     0B|T     0B|G     0B|S     0B|L     0B|CP   0
|  773|EU |BTE     b3640000,     b3640000,     b3680000|TAMS     b3640000|UWM     b3640000|U     0B|T     0B|G     0B|S     0B|L     0B|CP   0
|  774|EU |BTE     b3680000,     b3680000,     b36c0000|TAMS     b3680000|UWM     b3680000|U     0B|T     0B|G     0B|S     0B|L     0B|CP   0
|  775|EU |BTE     b36c0000,     b36c0000,     b3700000|TAMS     b36c0000|UWM     b36c0000|U     0B|T     0B|G     0B|S     0B|L     0B|CP   0
|  776|EU |BTE     b3700000,     b3700000,     b3740000|TAMS     b3700000|UWM     b3700000|U     0B|T     0B|G     0B|S     0B|L     0B|CP   0
|  777|EU |BTE     b3740000,     b3740000,     b3780000|TAMS     b3740000|UWM     b3740000|U     0B|T     0B|G     0B|S     0B|L     0B|CP   0
|  778|EU |BTE     b3780000,     b3780000,     b37c0000|TAMS     b3780000|UWM     b3780000|U     0B|T     0B|G     0B|S     0B|L     0B|CP   0
|  779|EU |BTE     b37c0000,     b37c0000,     b3800000|TAMS     b37c0000|UWM     b37c0000|U     0B|T     0B|G     0B|S     0B|L     0B|CP   0
|  780|EU |BTE     b3800000,     b3800000,     b3840000|TAMS     b3800000|UWM     b3800000|U     0B|T     0B|G     0B|S     0B|L     0B|CP   0
|  781|EU |BTE     b3840000,     b3840000,     b3880000|TAMS     b3840000|UWM     b3840000|U     0B|T     0B|G     0B|S     0B|L     0B|CP   0
|  782|EU |BTE     b3880000,     b3880000,     b38c0000|TAMS     b3880000|UWM     b3880000|U     0B|T     0B|G     0B|S     0B|L     0B|CP   0
|  783|EU |BTE     b38c0000,     b38c0000,     b3900000|TAMS     b38c0000|UWM     b38c0000|U     0B|T     0B|G     0B|S     0B|L     0B|CP   0
|  784|EU |BTE     b3900000,     b3900000,     b3940000|TAMS     b3900000|UWM     b3900000|U     0B|T     0B|G     0B|S     0B|L     0B|CP   0
|  785|EU |BTE     b3940000,     b3940000,     b3980000|TAMS     b3940000|UWM     b3940000|U     0B|T     0B|G     0B|S     0B|L     0B|CP   0
|  786|EU |BTE     b3980000,     b3980000,     b39c0000|TAMS     b3980000|UWM     b3980000|U     0B|T     0B|G     0B|S     0B|L     0B|CP   0
|  787|EU |BTE     b39c0000,     b39c0000,     b3a00000|TAMS     b39c0000|UWM     b39c0000|U     0B|T     0B|G     0B|S     0B|L     0B|CP   0
|  788|EU |BTE     b3a00000,     b3a00000,     b3a40000|TAMS     b3a00000|UWM     b3a00000|U     0B|T     0B|G     0B|S     0B|L     0B|CP   0
|  789|EU |BTE     b3a40000,     b3a40000,     b3a80000|TAMS     b3a40000|UWM     b3a40000|U     0B|T     0B|G     0B|S     0B|L     0B|CP   0
|  790|EU |BTE     b3a80000,     b3a80000,     b3ac0000|TAMS     b3a80000|UWM     b3a80000|U     0B|T     0B|G     0B|S     0B|L     0B|CP   0
|  791|EU |BTE     b3ac0000,     b3ac0000,     b3b00000|TAMS     b3ac0000|UWM     b3ac0000|U     0B|T     0B|G     0B|S     0B|L     0B|CP   0
|  792|EU |BTE     b3b00000,     b3b00000,     b3b40000|TAMS     b3b00000|UWM     b3b00000|U     0B|T     0B|G     0B|S     0B|L     0B|CP   0
|  793|EU |BTE     b3b40000,     b3b40000,     b3b80000|TAMS     b3b40000|UWM     b3b40000|U     0B|T     0B|G     0B|S     0B|L     0B|CP   0
|  794|EU |BTE     b3b80000,     b3b80000,     b3bc0000|TAMS     b3b80000|UWM     b3b80000|U     0B|T     0B|G     0B|S     0B|L     0B|CP   0
|  795|EU |BTE     b3bc0000,     b3bc0000,     b3c00000|TAMS     b3bc0000|UWM     b3bc0000|U     0B|T     0B|G     0B|S     0B|L     0B|CP   0
|  796|EU |BTE     b3c00000,     b3c00000,     b3c40000|TAMS     b3c00000|UWM     b3c00000|U     0B|T     0B|G     0B|S     0B|L     0B|CP   0
|  797|EU |BTE     b3c40000,     b3c40000,     b3c80000|TAMS     b3c40000|UWM     b3c40000|U     0B|T     0B|G     0B|S     0B|L     0B|CP   0
|  798|EU |BTE     b3c80000,     b3c80000,     b3cc0000|TAMS     b3c80000|UWM     b3c80000|U     0B|T     0B|G     0B|S     0B|L     0B|CP   0
|  799|EU |BTE     b3cc0000,     b3cc0000,     b3d00000|TAMS     b3cc0000|UWM     b3cc0000|U     0B|T     0B|G     0B|S     0B|L     0B|CP   0

ShenandoahBarrierSet
Polling page: 0xb6f5b000

Metaspace:

Usage:
   11.07 MB used.

Virtual space:
     16.00 MB reserved,      11.19 MB ( 70%) committed,  1 nodes.

Chunk freelists:
4.62 MB

MaxMetaspaceSize: unlimited
No class space
Initial GC threshold: 16.00 MB
Current GC threshold: 16.00 MB
CDS: off
MetaspaceReclaimPolicy: balanced
 - commit_granule_bytes: 65536.
 - commit_granule_words: 16384.
 - virtual_space_node_default_size: 4194304.
 - enlarge_chunks_in_place: 1.
 - new_chunks_are_fully_committed: 0.
 - uncommit_free_chunks: 1.
 - use_allocation_guard: 0.
 - handle_deallocations: 1.


Internal statistics:

num_allocs_failed_limit: 0.
num_arena_births: 132.
num_arena_deaths: 0.
num_vsnodes_births: 1.
num_vsnodes_deaths: 0.
num_space_committed: 179.
num_space_uncommitted: 0.
num_chunks_returned_to_freelist: 0.
num_chunks_taken_from_freelist: 363.
num_chunk_merges: 0.
num_chunk_splits: 291.
num_chunks_enlarged: 262.
num_inconsistent_stats: 0.

CodeCache: size=32768Kb used=1513Kb max_used=1513Kb free=31254Kb
 bounds [0xb400f000, 0xb418f000, 0xb600f000]
 total_blobs=1297 nmethods=996 adapters=231
 compilation: enabled
              stopped_count=0, restarted_count=0
 full_count=0

Compilation events (250 events):
Event: 29.962 Thread 0xa6541770 nmethod 862 0xb415f9c8 code [0xb415fb30, 0xb4160394]
Event: 29.993 Thread 0xa6541770  864             java.lang.Class::getComponentType (14 bytes)
Event: 29.994 Thread 0xa6541770 nmethod 864 0xb4160788 code [0xb4160890, 0xb41609e4]
Event: 29.996 Thread 0xa6541770  865             java.util.ArrayList$Itr::next (66 bytes)
Event: 30.001 Thread 0xa6541770 nmethod 865 0xb4160a48 code [0xb4160b80, 0xb4160ecc]
Event: 30.049 Thread 0xa6541770  867             java.util.Formatter$FormatSpecifier::index (5 bytes)
Event: 30.050 Thread 0xa6541770 nmethod 867 0xb41612c8 code [0xb41613c0, 0xb4161478]
Event: 30.077 Thread 0xa6541770  868             java.util.WeakHashMap::get (75 bytes)
Event: 30.082 Thread 0xa6541770 nmethod 868 0xb41614c8 code [0xb4161610, 0xb41619b8]
Event: 30.082 Thread 0xa6541770  869             jdk.internal.misc.Unsafe::is32BitClean (15 bytes)
Event: 30.083 Thread 0xa6541770 nmethod 869 0xb4161b88 code [0xb4161c80, 0xb4161d68]
Event: 30.086 Thread 0xa6541770  870             edu.wpi.first.math.geometry.Translation3d::toTranslation2d (16 bytes)
Event: 30.087 Thread 0xa6541770 nmethod 870 0xb4161dc8 code [0xb4161ec0, 0xb4161fd8]
Event: 30.095 Thread 0xa6541770  871             com.ctre.phoenix6.hardware.DeviceIdentifier::toString (33 bytes)
Event: 30.138 Thread 0xa6541770 nmethod 871 0xb4162048 code [0xb4162220, 0xb4162824]
Event: 30.138 Thread 0xa6541770  872             edu.wpi.first.math.geometry.struct.Pose3dStruct::getTypeName (3 bytes)
Event: 30.140 Thread 0xa6541770 nmethod 872 0xb4162dc8 code [0xb4162ec0, 0xb4162f88]
Event: 30.140 Thread 0xa6541770  873             java.util.ImmutableCollections$List12::get (35 bytes)
Event: 30.145 Thread 0xa6541770 nmethod 873 0xb4162fc8 code [0xb41630e0, 0xb4163294]
Event: 30.145 Thread 0xa6541770  874             com.ctre.phoenix6.hardware.ParentDevice::reportIfTooOld (180 bytes)
Event: 30.183 Thread 0xa6541770 nmethod 874 0xb4163308 code [0xb4163560, 0xb4163fdc]
Event: 30.183 Thread 0xa6541770  875             com.ctre.phoenix6.AllTimestamps::update (38 bytes)
Event: 30.184 Thread 0xa6541770 nmethod 875 0xb4164808 code [0xb4164910, 0xb4164b58]
Event: 30.192 Thread 0xa6541770  876   !         jdk.internal.misc.ScopedMemoryAccess::getShortUnaligned (22 bytes)
Event: 30.198 Thread 0xa6541770 nmethod 876 0xb4164c48 code [0xb4164d70, 0xb4164f8c]
Event: 30.198 Thread 0xa6541770  877   !         jdk.internal.misc.ScopedMemoryAccess::getShortUnalignedInternal (38 bytes)
Event: 30.212 Thread 0xa6541770 nmethod 877 0xb4165108 code [0xb4165220, 0xb41653a0]
Event: 30.212 Thread 0xa6541770  878             java.lang.Boolean::equals (29 bytes)
Event: 30.213 Thread 0xa6541770 nmethod 878 0xb4165488 code [0xb4165590, 0xb41656e8]
Event: 30.228 Thread 0xa6541770  879             edu.wpi.first.math.util.Units::inchesToMeters (6 bytes)
Event: 30.228 Thread 0xa6541770 nmethod 879 0xb4165788 code [0xb4165880, 0xb4165948]
Event: 30.229 Thread 0xa6541770  880             java.util.HashSet::<init> (16 bytes)
Event: 30.231 Thread 0xa6541770 nmethod 880 0xb4165988 code [0xb4165a90, 0xb4165bd8]
Event: 30.232 Thread 0xa6541770  881             edu.wpi.first.math.geometry.Pose3d::toPose2d (22 bytes)
Event: 30.235 Thread 0xa6541770 nmethod 881 0xb4165c48 code [0xb4165d70, 0xb4166094]
Event: 30.235 Thread 0xa6541770  882             edu.wpi.first.math.geometry.Rotation3d::toRotation2d (12 bytes)
Event: 30.236 Thread 0xa6541770 nmethod 882 0xb41661c8 code [0xb41662d0, 0xb4166444]
Event: 30.237 Thread 0xa6541770  883             edu.wpi.first.math.geometry.Rotation3d::getZ (119 bytes)
Event: 30.238 Thread 0xa6541770 nmethod 883 0xb41664c8 code [0xb41665e0, 0xb41667f0]
Event: 30.262 Thread 0xa6541770  885   !         java.nio.DirectByteBuffer::getShort (28 bytes)
Event: 30.264 Thread 0xa6541770 nmethod 885 0xb4166b08 code [0xb4166c20, 0xb4166dc0]
Event: 30.264 Thread 0xa6541770  886   !         java.nio.DirectByteBuffer::getShort (36 bytes)
Event: 30.267 Thread 0xa6541770 nmethod 886 0xb4166f08 code [0xb4167040, 0xb41672f8]
Event: 30.269 Thread 0xa6541770  887             org.littletonrobotics.junction.LogTable::put (15 bytes)
Event: 30.270 Thread 0xa6541770 nmethod 887 0xb4167548 code [0xb4167660, 0xb41677f4]
Event: 30.271 Thread 0xa6541770  888             org.littletonrobotics.junction.LogTable$LogValue::<init> (25 bytes)
Event: 30.272 Thread 0xa6541770 nmethod 888 0xb4167888 code [0xb4167990, 0xb4167ae8]
Event: 30.279 Thread 0xa6541770  889             java.util.Arrays::equals (43 bytes)
Event: 30.281 Thread 0xa6541770 nmethod 889 0xb4167b48 code [0xb4167c60, 0xb4167dd4]
Event: 30.296 Thread 0xa6541770  890             java.lang.Record::<init> (5 bytes)
Event: 30.297 Thread 0xa6541770 nmethod 890 0xb4167e88 code [0xb4167f80, 0xb4168038]
Event: 30.301 Thread 0xa6541770  891             jdk.internal.misc.Unsafe::checkPointer (19 bytes)
Event: 30.303 Thread 0xa6541770 nmethod 891 0xb4168088 code [0xb41681a0, 0xb41683e0]
Event: 30.303 Thread 0xa6541770  892             jdk.internal.misc.Unsafe::checkPrimitivePointer (19 bytes)
Event: 30.306 Thread 0xa6541770 nmethod 892 0xb41684c8 code [0xb4168600, 0xb4168918]
Event: 30.327 Thread 0xa6541770  893             com.ctre.phoenix6.StatusSignal::updateValue (170 bytes)
Event: 30.406 Thread 0xa6541770 nmethod 893 0xb4168d08 code [0xb4169050, 0xb4169ff4]
Event: 30.406 Thread 0xa6541770  896             jdk.internal.misc.Unsafe::getShortUnaligned (33 bytes)
Event: 30.410 Thread 0xa6541770 nmethod 896 0xb416ac88 code [0xb416ad80, 0xb416aed8]
Event: 30.410 Thread 0xa6541770  895             com.ctre.phoenix6.StatusSignal::updateUnits (57 bytes)
Event: 30.414 Thread 0xa6541770 nmethod 895 0xb416af08 code [0xb416b040, 0xb416b3e0]
Event: 30.414 Thread 0xa6541770  897             edu.wpi.first.math.geometry.Rotation2d::<init> (76 bytes)
Event: 30.421 Thread 0xa6541770 nmethod 897 0xb416b548 code [0xb416b6b0, 0xb416bb44]
Event: 30.421 Thread 0xa6541770  898             edu.wpi.first.math.geometry.Rotation2d::rotateBy (46 bytes)
Event: 30.422 Thread 0xa6541770 nmethod 898 0xb416be08 code [0xb416bf10, 0xb416c074]
Event: 30.449 Thread 0xa6541770  899             java.lang.Enum::name (5 bytes)
Event: 30.449 Thread 0xa6541770 nmethod 899 0xb416c148 code [0xb416c240, 0xb416c348]
Event: 30.449 Thread 0xa6541770  900             com.ctre.phoenix6.hardware.ParentDevice::commonLookup (200 bytes)
Event: 30.487 Thread 0xa6541770 nmethod 900 0xb416c388 code [0xb416c620, 0xb416d504]
Event: 30.488 Thread 0xa6541770  901             com.ctre.phoenix6.hardware.ParentDevice::lookupStatusSignal (15 bytes)
Event: 30.488 Thread 0xa6541770 nmethod 901 0xb416dd88 code [0xb416de90, 0xb416df74]
Event: 30.490 Thread 0xa6541770  902             edu.wpi.first.math.geometry.Rotation3d::getQuaternion (5 bytes)
Event: 30.492 Thread 0xa6541770 nmethod 902 0xb416e008 code [0xb416e100, 0xb416e208]
Event: 30.503 Thread 0xa6541770  903             org.littletonrobotics.junction.Logger::recordOutput (15 bytes)
Event: 30.507 Thread 0xa6541770 nmethod 903 0xb416e248 code [0xb416e370, 0xb416e564]
Event: 30.522 Thread 0xa6541770  904             edu.wpi.first.units.measure.ImmutableCurrent::baseUnitMagnitude (5 bytes)
Event: 30.523 Thread 0xa6541770 nmethod 904 0xb416e648 code [0xb416e740, 0xb416e808]
Event: 30.530 Thread 0xa6541770  905             com.ctre.phoenix6.hardware.ParentDevice$$Lambda$67/0xa58920b8::run (8 bytes)
Event: 30.531 Thread 0xa6541770 nmethod 905 0xb416e848 code [0xb416e950, 0xb416ea64]
Event: 30.534 Thread 0xa6541770  906             edu.wpi.first.math.kinematics.struct.SwerveModuleStateStruct::getTypeName (3 bytes)
Event: 30.535 Thread 0xa6541770 nmethod 906 0xb416eb08 code [0xb416ec00, 0xb416ecc8]
Event: 30.549 Thread 0xa6541770  907             java.lang.Long::valueOf (40 bytes)
Event: 30.551 Thread 0xa6541770 nmethod 907 0xb416ed08 code [0xb416ee10, 0xb416efd8]
Event: 30.572 Thread 0xa6541770  908             java.util.ImmutableCollections$ListItr::hasNext (17 bytes)
Event: 30.573 Thread 0xa6541770 nmethod 908 0xb416f088 code [0xb416f180, 0xb416f258]
Event: 30.582 Thread 0xa6541770  909             edu.wpi.first.math.geometry.Translation2d::rotateBy (46 bytes)
Event: 30.583 Thread 0xa6541770 nmethod 909 0xb416f288 code [0xb416f390, 0xb416f4d8]
Event: 30.666 Thread 0xa6541770  910   !         java.nio.DirectByteBuffer::getFloat (28 bytes)
Event: 30.668 Thread 0xa6541770 nmethod 910 0xb416f588 code [0xb416f6a0, 0xb416f840]
Event: 30.668 Thread 0xa6541770  911   !         java.nio.DirectByteBuffer::getFloat (39 bytes)
Event: 30.673 Thread 0xa6541770 nmethod 911 0xb416f988 code [0xb416fad0, 0xb416fd64]
Event: 30.677 Thread 0xa6541770  913             org.littletonrobotics.conduit.schema.Joystick::povValues (20 bytes)
Event: 30.677 Thread 0xa6541770 nmethod 913 0xb4170248 code [0xb4170350, 0xb4170484]
Event: 30.678 Thread 0xa6541770  914             org.littletonrobotics.conduit.schema.Joystick::axisValues (20 bytes)
Event: 30.678 Thread 0xa6541770 nmethod 914 0xb4170508 code [0xb4170610, 0xb4170744]
Event: 30.796 Thread 0xa6541770  915             edu.wpi.first.math.geometry.Translation3d::getX (5 bytes)
Event: 30.796 Thread 0xa6541770 nmethod 915 0xb41707c8 code [0xb41708c0, 0xb4170988]
Event: 30.797 Thread 0xa6541770  916             edu.wpi.first.math.geometry.Translation3d::getY (5 bytes)
Event: 30.797 Thread 0xa6541770 nmethod 916 0xb41709c8 code [0xb4170ac0, 0xb4170b88]
Event: 30.797 Thread 0xa6541770  917             edu.wpi.first.math.geometry.Translation3d::getZ (5 bytes)
Event: 30.798 Thread 0xa6541770 nmethod 917 0xb4170bc8 code [0xb4170cc0, 0xb4170d88]
Event: 30.801 Thread 0xa6541770  918             org.littletonrobotics.conduit.schema.Joystick::axisTypes (20 bytes)
Event: 30.802 Thread 0xa6541770 nmethod 918 0xb4170dc8 code [0xb4170ed0, 0xb4170ff4]
Event: 30.825 Thread 0xa6541770  919             java.lang.invoke.DirectMethodHandle$Holder::invokeStatic (17 bytes)
Event: 30.826 Thread 0xa6541770 nmethod 919 0xb4171048 code [0xb4171150, 0xb41712b0]
Event: 30.826 Thread 0xa6541770  920             java.lang.invoke.LambdaForm$MH/0xa57ad298::invoke (32 bytes)
Event: 30.827 Thread 0xa6541770 nmethod 920 0xb4171388 code [0xb41714a0, 0xb4171670]
Event: 30.830 Thread 0xa6541770  921             frc.robot.commons.AllianceFlipUtil::apply (22 bytes)
Event: 30.840 Thread 0xa6541770 nmethod 921 0xb4171748 code [0xb4171930, 0xb4171fe0]
Event: 30.840 Thread 0xa6541770  922             java.util.ImmutableCollections$List12::size (16 bytes)
Event: 30.841 Thread 0xa6541770 nmethod 922 0xb4172348 code [0xb4172440, 0xb4172558]
Event: 30.886 Thread 0xa6541770  923             org.littletonrobotics.junction.LogTable::put (15 bytes)
Event: 30.888 Thread 0xa6541770 nmethod 923 0xb41725c8 code [0xb41726e0, 0xb4172880]
Event: 30.894 Thread 0xa6541770  924             edu.wpi.first.math.geometry.Translation2d::plus (26 bytes)
Event: 30.896 Thread 0xa6541770 nmethod 924 0xb4172948 code [0xb4172a50, 0xb4172b88]
Event: 30.896 Thread 0xa6541770  925             java.lang.String::valueOf (15 bytes)
Event: 30.897 Thread 0xa6541770 nmethod 925 0xb4172c08 code [0xb4172d10, 0xb4172e04]
Event: 30.904 Thread 0xa6541770  926             frc.robot.commons.LoggedTunableNumber::hasChanged (60 bytes)
Event: 30.912 Thread 0xa6541770 nmethod 926 0xb4172e88 code [0xb4172fd0, 0xb4173460]
Event: 30.941 Thread 0xa6541770  927             edu.wpi.first.wpilibj.RobotController::getFPGATime (4 bytes)
Event: 30.941 Thread 0xa6541770 nmethod 927 0xb4173648 code [0xb4173750, 0xb4173804]
Event: 30.946 Thread 0xa6541770  928             org.littletonrobotics.junction.LogTable$LogValue::<init> (22 bytes)
Event: 30.947 Thread 0xa6541770 nmethod 928 0xb4173888 code [0xb4173990, 0xb4173ac8]
Event: 30.947 Thread 0xa6541770  929             java.lang.StringBuilder::append (9 bytes)
Event: 30.948 Thread 0xa6541770 nmethod 929 0xb4173b08 code [0xb4173c20, 0xb4173d30]
Event: 30.949 Thread 0xa6541770  930             java.util.Objects::checkFromIndexSize (8 bytes)
Event: 30.951 Thread 0xa6541770 nmethod 930 0xb4173dc8 code [0xb4173ed0, 0xb4173fd4]
Event: 30.952 Thread 0xa6541770  931             jdk.internal.misc.Unsafe::checkSize (32 bytes)
Event: 30.956 Thread 0xa6541770 nmethod 931 0xb4174088 code [0xb4174190, 0xb41742f4]
Event: 30.976 Thread 0xa6541770  932             java.util.Formatter$Flags::contains (22 bytes)
Event: 30.977 Thread 0xa6541770 nmethod 932 0xb4174388 code [0xb4174480, 0xb4174558]
Event: 30.977 Thread 0xa6541770  933             edu.wpi.first.math.geometry.struct.Rotation2dStruct::pack (10 bytes)
Event: 30.979 Thread 0xa6541770 nmethod 933 0xb41745c8 code [0xb41746d0, 0xb41747b4]
Event: 30.991 Thread 0xa6541770  934             java.lang.Long::equals (30 bytes)
Event: 30.992 Thread 0xa6541770 nmethod 934 0xb4174848 code [0xb4174950, 0xb4174ab8]
Event: 31.000 Thread 0xa6541770  935             java.lang.StringConcatHelper::mix (11 bytes)
Event: 31.001 Thread 0xa6541770 nmethod 935 0xb4174b48 code [0xb4174c60, 0xb4174dc0]
Event: 31.002 Thread 0xa6541770  936             java.lang.StringConcatHelper::prepend (30 bytes)
Event: 31.003 Thread 0xa6541770 nmethod 936 0xb4174e88 code [0xb4174f90, 0xb41750c0]
Event: 31.007 Thread 0xa6541770  937             jdk.internal.misc.Unsafe::copyMemory (33 bytes)
Event: 31.013 Thread 0xa6541770 nmethod 937 0xb4175148 code [0xb41752d0, 0xb41757f0]
Event: 31.013 Thread 0xa6541770  938             jdk.internal.misc.Unsafe::checkOffset (32 bytes)
Event: 31.015 Thread 0xa6541770 nmethod 938 0xb4175b88 code [0xb4175c90, 0xb4175df4]
Event: 31.024 Thread 0xa6541770  939   !         org.littletonrobotics.junction.LogTable::findStructType (92 bytes)
Event: 31.031 Thread 0xa6541770 nmethod 939 0xb4175e88 code [0xb4176030, 0xb41765c4]
Event: 31.031 Thread 0xa6541770  940             java.nio.ByteBuffer::get (9 bytes)
Event: 31.032 Thread 0xa6541770 nmethod 940 0xb4176908 code [0xb4176a10, 0xb4176af4]
Event: 31.032 Thread 0xa6541770  941             edu.wpi.first.math.geometry.struct.Translation2dStruct::getTypeName (3 bytes)
Event: 31.034 Thread 0xa6541770 nmethod 941 0xb4176b88 code [0xb4176c80, 0xb4176d48]
Event: 31.034 Thread 0xa6541770  942             java.util.regex.Matcher::groupCount (10 bytes)
Event: 31.035 Thread 0xa6541770 nmethod 942 0xb4176d88 code [0xb4176e80, 0xb4176f88]
Event: 31.062 Thread 0xa6541770  943             edu.wpi.first.math.geometry.Rotation2d::plus (6 bytes)
Event: 31.063 Thread 0xa6541770 nmethod 943 0xb4177008 code [0xb4177110, 0xb41771d4]
Event: 31.101 Thread 0xa6541770  944             org.littletonrobotics.junction.Logger::recordOutput (15 bytes)
Event: 31.102 Thread 0xa6541770 nmethod 944 0xb4177248 code [0xb4177350, 0xb4177484]
Event: 31.102 Thread 0xa6541770  945             edu.wpi.first.util.struct.StructBuffer::write (28 bytes)
Event: 31.104 Thread 0xa6541770 nmethod 945 0xb4177508 code [0xb4177620, 0xb4177850]
Event: 31.118 Thread 0xa6541770  946             jdk.internal.math.FDBigInteger::<init> (30 bytes)
Event: 31.119 Thread 0xa6541770 nmethod 946 0xb41778c8 code [0xb41779d0, 0xb4177ad4]
Event: 31.128 Thread 0xa6541770  947             org.littletonrobotics.junction.LogTable::put (8 bytes)
Event: 31.130 Thread 0xa6541770 nmethod 947 0xb4177b48 code [0xb4177c60, 0xb4177e00]
Event: 31.134 Thread 0xa6541770  948   !         jdk.internal.misc.ScopedMemoryAccess::getLongUnaligned (22 bytes)
Event: 31.137 Thread 0xa6541770 nmethod 948 0xb4177ec8 code [0xb4178000, 0xb41781e8]
Event: 31.138 Thread 0xa6541770  949   !         jdk.internal.misc.ScopedMemoryAccess::getLongUnalignedInternal (38 bytes)
Event: 31.141 Thread 0xa6541770 nmethod 949 0xb41783c8 code [0xb41784e0, 0xb417863c]
Event: 31.142 Thread 0xa6541770  950             jdk.internal.misc.Unsafe::getLongUnaligned (12 bytes)
Event: 31.145 Thread 0xa6541770 nmethod 950 0xb4178788 code [0xb4178890, 0xb4178970]
Event: 31.197 Thread 0xa6541770  952   !         java.util.ImmutableCollections$ListItr::next (34 bytes)
Event: 31.198 Thread 0xa6541770 nmethod 952 0xb4178c48 code [0xb4178d60, 0xb4178f00]
Event: 31.235 Thread 0xa6541770  953             java.util.ArrayList::isEmpty (13 bytes)
Event: 31.235 Thread 0xa6541770 nmethod 953 0xb4178fc8 code [0xb41790c0, 0xb4179188]
Event: 31.250 Thread 0xa6541770  954   !         java.nio.DirectByteBuffer::getDouble (31 bytes)
Event: 31.252 Thread 0xa6541770 nmethod 954 0xb41791c8 code [0xb41792e0, 0xb4179480]
Event: 31.252 Thread 0xa6541770  955   !         java.nio.DirectByteBuffer::getDouble (39 bytes)
Event: 31.260 Thread 0xa6541770 nmethod 955 0xb41795c8 code [0xb4179710, 0xb41799a4]
Event: 31.286 Thread 0xa6541770  956             frc.robot.commons.AllianceFlipUtil::apply (18 bytes)
Event: 31.290 Thread 0xa6541770 nmethod 956 0xb4179c48 code [0xb4179dc0, 0xb417a130]
Event: 31.295 Thread 0xa6541770  958             frc.robot.subsystems.Superstructure$ScoringPosition::<init> (15 bytes)
Event: 31.295 Thread 0xa6541770 nmethod 958 0xb417a588 code [0xb417a680, 0xb417a788]
Event: 31.297 Thread 0xa6541770  959   !         jdk.internal.misc.ScopedMemoryAccess::copyMemory (31 bytes)
Event: 31.300 Thread 0xa6541770 nmethod 959 0xb417a7c8 code [0xb417a900, 0xb417ab18]
Event: 31.302 Thread 0xa6541770  960   !         jdk.internal.misc.ScopedMemoryAccess::copyMemoryInternal (60 bytes)
Event: 31.316 Thread 0xa6541770 nmethod 960 0xb417acc8 code [0xb417ae80, 0xb417b3f8]
Event: 31.316 Thread 0xa6541770  961   !         org.littletonrobotics.junction.LogTable::addStructSchema (151 bytes)
Event: 31.342 Thread 0xa6541770 nmethod 961 0xb417ba08 code [0xb417bc90, 0xb417c5dc]
Event: 31.342 Thread 0xa6541770  962             java.nio.ByteBuffer::get (54 bytes)
Event: 31.351 Thread 0xa6541770 nmethod 962 0xb417ce08 code [0xb417cf40, 0xb417d128]
Event: 31.351 Thread 0xa6541770  963             edu.wpi.first.math.geometry.Transform3d::getTranslation (5 bytes)
Event: 31.352 Thread 0xa6541770 nmethod 963 0xb417d288 code [0xb417d380, 0xb417d488]
Event: 31.382 Thread 0xa6541770  964             java.lang.invoke.DirectMethodHandle$Holder::invokeStatic (21 bytes)
Event: 31.383 Thread 0xa6541770 nmethod 964 0xb417d4c8 code [0xb417d5d0, 0xb417d740]
Event: 31.383 Thread 0xa6541770  965             java.lang.StringConcatHelper::prepend (22 bytes)
Event: 31.384 Thread 0xa6541770 nmethod 965 0xb417d808 code [0xb417d920, 0xb417da6c]
Event: 31.394 Thread 0xa6541770  966             edu.wpi.first.math.geometry.struct.Translation2dStruct::pack (19 bytes)
Event: 31.396 Thread 0xa6541770 nmethod 966 0xb417db48 code [0xb417dc60, 0xb417dd70]
Event: 31.428 Thread 0xa6541770  967             org.littletonrobotics.junction.LogTable$LogValue::getDouble (6 bytes)
Event: 31.429 Thread 0xa6541770 nmethod 967 0xb417de08 code [0xb417df10, 0xb417e0b8]
Event: 31.446 Thread 0xa6541770  968             org.littletonrobotics.junction.LogTable::put (71 bytes)
Event: 31.449 Thread 0xa6541770 nmethod 968 0xb417e148 code [0xb417e2c0, 0xb417e704]
Event: 31.450 Thread 0xa6541770  969             org.littletonrobotics.junction.LogTable::put (139 bytes)
Event: 31.458 Thread 0xa6541770 nmethod 969 0xb417e908 code [0xb417eaf0, 0xb417f29c]
Event: 31.465 Thread 0xa6541770  970             edu.wpi.first.math.geometry.struct.Pose2dStruct::pack (10 bytes)
Event: 31.467 Thread 0xa6541770 nmethod 970 0xb417f648 code [0xb417f770, 0xb417f95c]
Event: 31.477 Thread 0xa6541770  971             edu.wpi.first.math.geometry.struct.Rotation2dStruct::getTypeName (3 bytes)
Event: 31.478 Thread 0xa6541770 nmethod 971 0xb417fac8 code [0xb417fbc0, 0xb417fc88]
Event: 31.490 Thread 0xa6541770  972             java.lang.StringBuilder::charAt (6 bytes)
Event: 31.491 Thread 0xa6541770 nmethod 972 0xb417fcc8 code [0xb417fdd0, 0xb417fea4]
Event: 31.491 Thread 0xa6541770  973             java.lang.AbstractStringBuilder::charAt (36 bytes)
Event: 31.493 Thread 0xa6541770 nmethod 973 0xb417ff08 code [0xb4180020, 0xb4180190]
Event: 31.525 Thread 0xa6541770  974             java.util.LinkedHashMap$LinkedHashIterator::hasNext (13 bytes)
Event: 31.525 Thread 0xa6541770 nmethod 974 0xb4180288 code [0xb4180380, 0xb4180498]
Event: 31.532 Thread 0xa6541770  975   !         java.nio.ByteBuffer::getArray (121 bytes)
Event: 31.537 Thread 0xa6541770 nmethod 975 0xb41804c8 code [0xb4180620, 0xb41809d0]
Event: 31.555 Thread 0xa6541770  976             java.lang.StringBuilder::length (5 bytes)
Event: 31.555 Thread 0xa6541770 nmethod 976 0xb4180d08 code [0xb4180e00, 0xb4180eb8]
Event: 31.629 Thread 0xa6541770  977             java.lang.ModuleLayer::boot (4 bytes)
Event: 31.630 Thread 0xa6541770 nmethod 977 0xb4180f08 code [0xb4181000, 0xb41810f8]
Event: 31.660 Thread 0xa6541770  978             edu.wpi.first.math.geometry.Rotation2d::unaryMinus (13 bytes)
Event: 31.661 Thread 0xa6541770 nmethod 978 0xb4181148 code [0xb4181240, 0xb41813a8]
Event: 31.685 Thread 0xa6541770  979             java.util.stream.Node::getChildCount (2 bytes)
Event: 31.685 Thread 0xa6541770 nmethod 979 0xb4181408 code [0xb4181500, 0xb41815b8]
Event: 31.719 Thread 0xa6541770  980             jdk.internal.misc.Unsafe::checkNativeAddress (28 bytes)
Event: 31.720 Thread 0xa6541770 nmethod 980 0xb4181608 code [0xb4181710, 0xb4181874]
Event: 31.772 Thread 0xa6541770  981             edu.wpi.first.hal.ControlWord::getEnabled (5 bytes)
Event: 31.773 Thread 0xa6541770 nmethod 981 0xb4181908 code [0xb4181a00, 0xb4181ac8]
Event: 31.779 Thread 0xa6541770  982             java.util.ImmutableCollections$AbstractImmutableList::<init> (5 bytes)
Event: 31.781 Thread 0xa6541770 nmethod 982 0xb4181b08 code [0xb4181c00, 0xb4181cb8]
Event: 31.806 Thread 0xa6541770  983   !         java.nio.DirectByteBuffer::getInt (28 bytes)
Event: 31.810 Thread 0xa6541770 nmethod 983 0xb4181d08 code [0xb4181e20, 0xb4181fc0]
Event: 31.810 Thread 0xa6541770  984   !         java.nio.DirectByteBuffer::getInt (36 bytes)
Event: 31.813 Thread 0xa6541770 nmethod 984 0xb4182108 code [0xb4182250, 0xb41824d4]
Event: 31.874 Thread 0xa6541770  985             edu.wpi.first.networktables.GenericEntryImpl::setDouble (10 bytes)
Event: 31.875 Thread 0xa6541770 nmethod 985 0xb4182748 code [0xb4182850, 0xb4182924]
Event: 31.920 Thread 0xa6541770  986             jdk.internal.math.FloatingDecimal$BinaryToASCIIBuffer::isExceptional (2 bytes)
Event: 31.921 Thread 0xa6541770 nmethod 986 0xb4182988 code [0xb4182a80, 0xb4182b38]
Event: 31.921 Thread 0xa6541770  987             jdk.internal.math.FloatingDecimal$BinaryToASCIIBuffer::getDecimalExponent (5 bytes)
Event: 31.922 Thread 0xa6541770 nmethod 987 0xb4182b88 code [0xb4182c80, 0xb4182d38]
Event: 31.922 Thread 0xa6541770  988             jdk.internal.math.FloatingDecimal$BinaryToASCIIBuffer::isNegative (5 bytes)
Event: 31.923 Thread 0xa6541770 nmethod 988 0xb4182d88 code [0xb4182e80, 0xb4182f48]
Event: 31.923 Thread 0xa6541770  989             jdk.internal.math.FormattedFloatingDecimal::getMantissa (5 bytes)
Event: 31.924 Thread 0xa6541770 nmethod 989 0xb4182f88 code [0xb4183080, 0xb4183188]
Event: 31.937 Thread 0xa6541770  990             jdk.internal.util.ArraysSupport::vectorizedMismatch (268 bytes)
Event: 31.942 Thread 0xa6541770 nmethod 990 0xb41831c8 code [0xb4183320, 0xb41836dc]
Event: 31.968 Thread 0xa6541770  991             java.util.ImmutableCollections$AbstractImmutableList::iterator (13 bytes)
Event: 31.971 Thread 0xa6541770 nmethod 991 0xb4183908 code [0xb4183a10, 0xb4183b84]
Event: 31.972 Thread 0xa6541770  992             java.util.ImmutableCollections$ListItr::<init> (25 bytes)
Event: 31.972 Thread 0xa6541770 nmethod 992 0xb4183c08 code [0xb4183d00, 0xb4183df8]
Event: 32.031 Thread 0xa6541770  993             java.util.LinkedHashMap$LinkedHashIterator::nextNode (54 bytes)
Event: 32.033 Thread 0xa6541770 nmethod 993 0xb4183e48 code [0xb4183f70, 0xb4184250]
Event: 32.038 Thread 0xa6541770  994             frc.robot.subsystems.Superstructure::getScoringPositionsForBranches (525 bytes)

GC Heap History (0 events):
No events

Dll operation events (16 events):
Event: 0.023 Loaded shared library /usr/local/frc/JRE/lib/libjava.so
Event: 0.546 Loaded shared library /usr/local/frc/JRE/lib/libnio.so
Event: 0.678 Loaded shared library /usr/local/frc/JRE/lib/libzip.so
Event: 1.013 Loaded shared library /usr/local/frc/third-party/lib/libwpiutiljni.so
Event: 1.072 Loaded shared library /usr/local/frc/third-party/lib/libwpiHaljni.so
Event: 1.727 Loaded shared library /usr/local/frc/third-party/lib/libntcorejni.so
Event: 2.387 Loaded shared library /usr/local/frc/JRE/lib/libmanagement.so
Event: 2.440 Loaded shared library /usr/local/frc/JRE/lib/libmanagement_ext.so
Event: 4.445 Loaded shared library /usr/local/frc/third-party/lib/libCTRE_PhoenixTools.so
Event: 4.475 Loaded shared library /usr/local/frc/third-party/lib/libCTRE_Phoenix6.so
Event: 9.373 Loaded shared library /usr/local/frc/JRE/lib/libnet.so
Event: 9.484 Loaded shared library /usr/local/frc/third-party/lib/libphotontargeting.so
Event: 9.551 Loaded shared library /usr/local/frc/third-party/lib/libphotontargetingJNI.so
Event: 19.028 Loaded shared library /usr/local/frc/third-party/lib/libwpilibio.so
Event: 19.111 Loaded shared library /usr/local/frc/JRE/lib/libjimage.so
Event: 24.410 Loaded shared library /usr/local/frc/JRE/lib/libextnet.so

Deoptimization events (0 events):
No events

Classes unloaded (0 events):
No events

Classes redefined (0 events):
No events

Internal exceptions (39 events):
Event: 2.040 Thread 0xb638d4b8 Exception <a 'java/lang/NoSuchMethodError'{0xa7878078}: 'void java.lang.invoke.DirectMethodHandle$Holder.invokeSpecial(java.lang.Object, java.lang.Object, java.lang.Object)'> (0xa7878078) 
thrown [src/hotspot/share/interpreter/linkResolver.cpp, line 758]
Event: 2.338 Thread 0xb638d4b8 Exception <a 'java/lang/NoSuchMethodError'{0xa795f198}: 'void java.lang.invoke.DirectMethodHandle$Holder.invokeStaticInit(java.lang.Object)'> (0xa795f198) 
thrown [src/hotspot/share/interpreter/linkResolver.cpp, line 758]
Event: 2.358 Thread 0xb638d4b8 Exception <a 'java/lang/NoSuchMethodError'{0xa7971fc0}: 'long java.lang.invoke.DirectMethodHandle$Holder.invokeStatic(java.lang.Object)'> (0xa7971fc0) 
thrown [src/hotspot/share/interpreter/linkResolver.cpp, line 758]
Event: 2.364 Thread 0xb638d4b8 Exception <a 'java/lang/NoSuchMethodError'{0xa7975270}: 'long java.lang.invoke.DirectMethodHandle$Holder.invokeStaticInit(java.lang.Object)'> (0xa7975270) 
thrown [src/hotspot/share/interpreter/linkResolver.cpp, line 758]
Event: 2.379 Thread 0xb638d4b8 Exception <a 'java/lang/NoSuchMethodError'{0xa797d160}: 'java.lang.Object java.lang.invoke.DirectMethodHandle$Holder.invokeStaticInit(java.lang.Object)'> (0xa797d160) 
thrown [src/hotspot/share/interpreter/linkResolver.cpp, line 758]
Event: 2.611 Thread 0xb638d4b8 Exception <a 'java/lang/NoSuchMethodError'{0xa79fb868}: 'int java.lang.invoke.DirectMethodHandle$Holder.invokeSpecial(java.lang.Object, java.lang.Object, java.lang.Object)'> (0xa79fb868) 
thrown [src/hotspot/share/interpreter/linkResolver.cpp, line 758]
Event: 2.862 Thread 0xb638d4b8 Exception <a 'java/lang/NoSuchMethodError'{0xa7af1030}: 'double java.lang.invoke.DirectMethodHandle$Holder.invokeSpecial(java.lang.Object, java.lang.Object)'> (0xa7af1030) 
thrown [src/hotspot/share/interpreter/linkResolver.cpp, line 758]
Event: 2.876 Thread 0xb638d4b8 Exception <a 'java/lang/NoSuchMethodError'{0xa7afba40}: 'java.lang.Object java.lang.invoke.Invokers$Holder.invokeExact_MT(java.lang.Object, java.lang.Object, java.lang.Object, java.lang.Object, java.lang.Object, java.lang.Object)'> (0xa7afba40) 
thrown [src/hotspot/share/interpreter/linkResolver.cpp, line 758]
Event: 3.029 Thread 0xb638d4b8 Exception <a 'java/lang/NoSuchMethodError'{0xa7b7b4e8}: 'void java.lang.invoke.DirectMethodHandle$Holder.invokeStatic(java.lang.Object, java.lang.Object)'> (0xa7b7b4e8) 
thrown [src/hotspot/share/interpreter/linkResolver.cpp, line 758]
Event: 3.546 Thread 0xb638d4b8 Exception <a 'java/lang/NoSuchMethodError'{0xa7e66408}: 'double java.lang.invoke.DirectMethodHandle$Holder.invokeStatic(java.lang.Object, double)'> (0xa7e66408) 
thrown [src/hotspot/share/interpreter/linkResolver.cpp, line 758]
Event: 3.549 Thread 0xb638d4b8 Exception <a 'java/lang/NoSuchMethodError'{0xa7e69a48}: 'double java.lang.invoke.DirectMethodHandle$Holder.invokeStaticInit(java.lang.Object, double)'> (0xa7e69a48) 
thrown [src/hotspot/share/interpreter/linkResolver.cpp, line 758]
Event: 3.562 Thread 0xb638d4b8 Exception <a 'java/lang/NoSuchMethodError'{0xa7e6f170}: 'java.lang.Object java.lang.invoke.DirectMethodHandle$Holder.newInvokeSpecial(java.lang.Object, double)'> (0xa7e6f170) 
thrown [src/hotspot/share/interpreter/linkResolver.cpp, line 758]
Event: 5.260 Thread 0xb638d4b8 Exception <a 'java/lang/NoSuchMethodError'{0xa86e7038}: 'java.lang.Object java.lang.invoke.DirectMethodHandle$Holder.newInvokeSpecial(java.lang.Object, int, java.lang.Object)'> (0xa86e7038) 
thrown [src/hotspot/share/interpreter/linkResolver.cpp, line 758]
Event: 6.460 Thread 0xb638d4b8 Exception <a 'java/lang/NoSuchMethodError'{0xa885b458}: 'java.lang.Object java.lang.invoke.DirectMethodHandle$Holder.invokeSpecial(java.lang.Object, java.lang.Object, java.lang.Object, int, java.lang.Object)'> (0xa885b458) 
thrown [src/hotspot/share/interpreter/linkResolver.cpp, line 758]
Event: 16.288 Thread 0xb638d4b8 Exception <a 'java/lang/NoSuchMethodError'{0xa8cff408}: 'int java.lang.invoke.DirectMethodHandle$Holder.invokeStatic(java.lang.Object)'> (0xa8cff408) 
thrown [src/hotspot/share/interpreter/linkResolver.cpp, line 758]
Event: 16.368 Thread 0xb638d4b8 Exception <a 'java/lang/NoSuchMethodError'{0xa8d2d078}: 'int java.lang.invoke.DirectMethodHandle$Holder.invokeStatic(java.lang.Object, java.lang.Object, int)'> (0xa8d2d078) 
thrown [src/hotspot/share/interpreter/linkResolver.cpp, line 758]
Event: 16.374 Thread 0xb638d4b8 Exception <a 'java/lang/NoSuchMethodError'{0xa8d33680}: 'java.lang.Object java.lang.invoke.DirectMethodHandle$Holder.newInvokeSpecial(java.lang.Object, java.lang.Object, int)'> (0xa8d33680) 
thrown [src/hotspot/share/interpreter/linkResolver.cpp, line 758]
Event: 16.676 Thread 0xb638d4b8 Exception <a 'java/lang/NoSuchMethodError'{0xa8e2fce0}: 'java.lang.Object java.lang.invoke.DirectMethodHandle$Holder.invokeSpecial(java.lang.Object, java.lang.Object, java.lang.Object, double)'> (0xa8e2fce0) 
thrown [src/hotspot/share/interpreter/linkResolver.cpp, line 758]
Event: 17.582 Thread 0xb638d4b8 Exception <a 'java/lang/NoSuchMethodError'{0xa91195f8}: 'void java.lang.invoke.DirectMethodHandle$Holder.invokeStatic(java.lang.Object, java.lang.Object, java.lang.Object)'> (0xa91195f8) 
thrown [src/hotspot/share/interpreter/linkResolver.cpp, line 758]
Event: 17.891 Thread 0x9ee05b00 Exception <a 'java/io/IOException'{0xa920db28}> (0xa920db28) 
thrown [src/hotspot/share/prims/jni.cpp, line 516]
Event: 18.767 Thread 0xb638d4b8 Exception <a 'java/lang/NoSuchMethodError'{0xa93c48d8}: 'java.lang.Object java.lang.invoke.DirectMethodHandle$Holder.invokeStaticInit(java.lang.Object, java.lang.Object, java.lang.Object, java.lang.Object, java.lang.Object, java.lang.Object, java.lang.Object)'> (0xa93c48d8) 
thrown [src/hotspot/share/interpreter/linkResolver.cpp, line 758]
Event: 18.772 Thread 0xb638d4b8 Exception <a 'java/lang/NoSuchMethodError'{0xa93ca0b0}: 'java.lang.Object java.lang.invoke.DirectMethodHandle$Holder.invokeSpecial(java.lang.Object, java.lang.Object, java.lang.Object, java.lang.Object, java.lang.Object, java.lang.Object, java.lang.Object, java.lang.Object, java.lang.Object)'> (0xa93ca0b0) 
thrown [src/hotspot/share/interpreter/linkResolver.cpp, line 758]
Event: 18.774 Thread 0xb638d4b8 Exception <a 'java/lang/NoSuchMethodError'{0xa93cf220}: 'java.lang.Object java.lang.invoke.Invokers$Holder.invoke_MT(java.lang.Object, java.lang.Object, java.lang.Object, java.lang.Object, java.lang.Object, java.lang.Object, java.lang.Object, java.lang.Object, java.lang.Object)'> (0xa93cf220) 
thrown [src/hotspot/share/interpreter/linkResolver.cpp, line 758]
Event: 18.795 Thread 0xb638d4b8 Exception <a 'java/lang/NoSuchMethodError'{0xa93d4d50}: 'java.lang.Object java.lang.invoke.DirectMethodHandle$Holder.invokeStatic(java.lang.Object, java.lang.Object, int)'> (0xa93d4d50) 
thrown [src/hotspot/share/interpreter/linkResolver.cpp, line 758]
Event: 18.820 Thread 0xb638d4b8 Exception <a 'java/lang/NoSuchMethodError'{0xa93e6a80}: 'void java.lang.invoke.DelegatingMethodHandle$Holder.delegate(java.lang.Object, java.lang.Object, int, java.lang.Object)'> (0xa93e6a80) 
thrown [src/hotspot/share/interpreter/linkResolver.cpp, line 758]
Event: 18.860 Thread 0xb638d4b8 Exception <a 'java/lang/NoSuchMethodError'{0xa94054d0}: 'int java.lang.invoke.DirectMethodHandle$Holder.invokeVirtual(java.lang.Object, java.lang.Object, java.lang.Object)'> (0xa94054d0) 
thrown [src/hotspot/share/interpreter/linkResolver.cpp, line 758]
Event: 18.872 Thread 0xb638d4b8 Exception <a 'java/lang/NoSuchMethodError'{0xa9408b60}: 'int java.lang.invoke.DirectMethodHandle$Holder.invokeVirtual(java.lang.Object, java.lang.Object)'> (0xa9408b60) 
thrown [src/hotspot/share/interpreter/linkResolver.cpp, line 758]
Event: 18.876 Thread 0xb638d4b8 Exception <a 'java/lang/NoSuchMethodError'{0xa940caf8}: 'int java.lang.invoke.DirectMethodHandle$Holder.invokeStaticInit(java.lang.Object, java.lang.Object, java.lang.Object)'> (0xa940caf8) 
thrown [src/hotspot/share/interpreter/linkResolver.cpp, line 758]
Event: 18.883 Thread 0xb638d4b8 Exception <a 'java/lang/NoSuchMethodError'{0xa9410158}: 'int java.lang.invoke.DirectMethodHandle$Holder.invokeStaticInit(java.lang.Object, int, int)'> (0xa9410158) 
thrown [src/hotspot/share/interpreter/linkResolver.cpp, line 758]
Event: 18.892 Thread 0xb638d4b8 Exception <a 'java/lang/NoSuchMethodError'{0xa9417550}: 'int java.lang.invoke.DirectMethodHandle$Holder.invokeStaticInit(java.lang.Object, long, long)'> (0xa9417550) 
thrown [src/hotspot/share/interpreter/linkResolver.cpp, line 758]
Event: 18.901 Thread 0xb638d4b8 Exception <a 'java/lang/NoSuchMethodError'{0xa941dfb8}: 'int java.lang.invoke.DirectMethodHandle$Holder.invokeStaticInit(java.lang.Object, float, float)'> (0xa941dfb8) 
thrown [src/hotspot/share/interpreter/linkResolver.cpp, line 758]
Event: 18.913 Thread 0xb638d4b8 Exception <a 'java/lang/NoSuchMethodError'{0xa9424a28}: 'int java.lang.invoke.DirectMethodHandle$Holder.invokeStaticInit(java.lang.Object, double, double)'> (0xa9424a28) 
thrown [src/hotspot/share/interpreter/linkResolver.cpp, line 758]
Event: 18.919 Thread 0xb638d4b8 Exception <a 'java/lang/NoSuchMethodError'{0xa9428bb0}: 'int java.lang.invoke.DirectMethodHandle$Holder.invokeStatic(java.lang.Object, long)'> (0xa9428bb0) 
thrown [src/hotspot/share/interpreter/linkResolver.cpp, line 758]
Event: 18.941 Thread 0xb638d4b8 Exception <a 'java/lang/NoSuchMethodError'{0xa9439e50}: 'int java.lang.invoke.DirectMethodHandle$Holder.invokeSpecial(java.lang.Object, java.lang.Object, int)'> (0xa9439e50) 
thrown [src/hotspot/share/interpreter/linkResolver.cpp, line 758]
Event: 18.962 Thread 0xb638d4b8 Exception <a 'java/lang/NoSuchMethodError'{0xa944e678}: 'int java.lang.invoke.Invokers$Holder.linkToTargetMethod(java.lang.Object, java.lang.Object)'> (0xa944e678) 
thrown [src/hotspot/share/interpreter/linkResolver.cpp, line 758]
Event: 19.462 Thread 0xb638d4b8 Exception <a 'java/lang/NoSuchMethodError'{0xa958a358}: 'void java.lang.invoke.DirectMethodHandle$Holder.invokeInterface(java.lang.Object, java.lang.Object)'> (0xa958a358) 
thrown [src/hotspot/share/interpreter/linkResolver.cpp, line 758]
Event: 19.529 Thread 0xb638d4b8 Exception <a 'java/lang/NoSuchMethodError'{0xa95a5b60}: 'void java.lang.invoke.DirectMethodHandle$Holder.invokeStatic(java.lang.Object, java.lang.Object, java.lang.Object, java.lang.Object)'> (0xa95a5b60) 
thrown [src/hotspot/share/interpreter/linkResolver.cpp, line 758]
Event: 24.434 Thread 0x9ee48cd8 Exception <a 'java/net/ConnectException'{0xa97db640}> (0xa97db640) 
thrown [src/hotspot/share/prims/jni.cpp, line 516]
Event: 29.155 Thread 0x9ee48cd8 Exception <a 'java/net/ConnectException'{0xa97dd710}> (0xa97dd710) 
thrown [src/hotspot/share/prims/jni.cpp, line 516]

VM Operations (36 events):
Event: 0.830 Executing VM operation: HandshakeAllThreads
Event: 0.830 Executing VM operation: HandshakeAllThreads done
Event: 1.831 Executing VM operation: Cleanup
Event: 1.831 Executing VM operation: Cleanup done
Event: 2.831 Executing VM operation: Cleanup
Event: 2.831 Executing VM operation: Cleanup done
Event: 3.831 Executing VM operation: Cleanup
Event: 3.837 Executing VM operation: Cleanup done
Event: 4.837 Executing VM operation: Cleanup
Event: 4.842 Executing VM operation: Cleanup done
Event: 5.842 Executing VM operation: Cleanup
Event: 5.842 Executing VM operation: Cleanup done
Event: 6.842 Executing VM operation: Cleanup
Event: 6.842 Executing VM operation: Cleanup done
Event: 9.843 Executing VM operation: Cleanup
Event: 9.843 Executing VM operation: Cleanup done
Event: 16.844 Executing VM operation: Cleanup
Event: 16.847 Executing VM operation: Cleanup done
Event: 17.847 Executing VM operation: Cleanup
Event: 17.848 Executing VM operation: Cleanup done
Event: 18.793 Executing VM operation: HandshakeAllThreads
Event: 18.793 Executing VM operation: HandshakeAllThreads done
Event: 19.793 Executing VM operation: Cleanup
Event: 19.793 Executing VM operation: Cleanup done
Event: 21.794 Executing VM operation: Cleanup
Event: 21.794 Executing VM operation: Cleanup done
Event: 24.357 Executing VM operation: HandshakeAllThreads
Event: 24.357 Executing VM operation: HandshakeAllThreads done
Event: 27.358 Executing VM operation: Cleanup
Event: 27.358 Executing VM operation: Cleanup done
Event: 30.359 Executing VM operation: Cleanup
Event: 30.359 Executing VM operation: Cleanup done
Event: 31.359 Executing VM operation: Cleanup
Event: 31.360 Executing VM operation: Cleanup done
Event: 32.122 Executing VM operation: Shenandoah Init Marking
Event: 32.123 Executing VM operation: Shenandoah Init Marking done

Events (250 events):
Event: 19.135 loading class jdk/internal/loader/BuiltinClassLoader$1 done
Event: 19.138 loading class java/lang/CompoundEnumeration
Event: 19.139 loading class java/lang/CompoundEnumeration done
Event: 19.140 loading class jdk/internal/loader/URLClassPath$1
Event: 19.140 loading class jdk/internal/loader/URLClassPath$1 done
Event: 19.141 loading class sun/net/www/protocol/http/Handler
Event: 19.141 loading class sun/net/www/protocol/http/Handler done
Event: 19.153 Thread 0x9ee48cd8 Thread added: 0x9ee48cd8
Event: 19.158 loading class java/util/concurrent/locks/AbstractQueuedSynchronizer$ExclusiveNode
Event: 19.158 loading class java/util/concurrent/locks/AbstractQueuedSynchronizer$ExclusiveNode done
Event: 19.166 Protecting memory [0x9ed30000,0x9ed33000] with protection modes 0
Event: 19.255 loading class java/util/LinkedHashMap$LinkedKeyIterator
Event: 19.256 loading class java/util/LinkedHashMap$LinkedKeyIterator done
Event: 19.416 loading class java/util/HashMap$KeySpliterator
Event: 19.416 loading class java/util/HashMap$KeySpliterator done
Event: 19.544 loading class jdk/internal/math/FormattedFloatingDecimal$Form
Event: 19.544 loading class jdk/internal/math/FormattedFloatingDecimal$Form done
Event: 19.547 loading class jdk/internal/math/FormattedFloatingDecimal
Event: 19.547 loading class jdk/internal/math/FormattedFloatingDecimal done
Event: 19.547 loading class jdk/internal/math/FormattedFloatingDecimal$1
Event: 19.549 loading class jdk/internal/math/FormattedFloatingDecimal$1 done
Event: 19.552 loading class jdk/internal/math/FormattedFloatingDecimal$2
Event: 19.553 loading class jdk/internal/math/FormattedFloatingDecimal$2 done
Event: 24.154 loading class sun/net/www/protocol/http/HttpURLConnection
Event: 24.158 loading class java/net/HttpURLConnection
Event: 24.159 loading class java/net/URLConnection
Event: 24.161 loading class java/net/URLConnection done
Event: 24.161 loading class java/net/HttpURLConnection done
Event: 24.162 loading class sun/net/www/protocol/http/HttpURLConnection done
Event: 24.173 loading class sun/net/NetProperties
Event: 24.176 loading class sun/net/NetProperties done
Event: 24.176 loading class sun/net/NetProperties$1
Event: 24.176 loading class sun/net/NetProperties$1 done
Event: 24.192 loading class sun/util/logging/PlatformLogger
Event: 24.193 loading class sun/util/logging/PlatformLogger done
Event: 24.194 loading class sun/util/logging/PlatformLogger$Level
Event: 24.195 loading class sun/util/logging/PlatformLogger$Level done
Event: 24.196 loading class java/lang/System$Logger$Level
Event: 24.196 loading class java/lang/System$Logger$Level done
Event: 24.197 loading class jdk/internal/logger/LazyLoggers
Event: 24.197 loading class jdk/internal/logger/LazyLoggers done
Event: 24.198 loading class jdk/internal/logger/LazyLoggers$1
Event: 24.198 loading class jdk/internal/logger/LazyLoggers$1 done
Event: 24.198 loading class jdk/internal/logger/LazyLoggers$LazyLoggerFactories
Event: 24.198 loading class jdk/internal/logger/LazyLoggers$LazyLoggerFactories done
Event: 24.200 loading class jdk/internal/logger/BootstrapLogger
Event: 24.201 loading class java/lang/System$Logger
Event: 24.201 loading class java/lang/System$Logger done
Event: 24.201 loading class sun/util/logging/PlatformLogger$Bridge
Event: 24.201 loading class sun/util/logging/PlatformLogger$Bridge done
Event: 24.202 loading class sun/util/logging/PlatformLogger$ConfigurableBridge
Event: 24.202 loading class sun/util/logging/PlatformLogger$ConfigurableBridge done
Event: 24.202 loading class jdk/internal/logger/BootstrapLogger done
Event: 24.203 loading class jdk/internal/logger/BootstrapLogger$DetectBackend
Event: 24.203 loading class jdk/internal/logger/BootstrapLogger$DetectBackend done
Event: 24.203 loading class jdk/internal/logger/BootstrapLogger$DetectBackend$1
Event: 24.205 loading class jdk/internal/logger/BootstrapLogger$DetectBackend$1 done
Event: 24.205 loading class java/lang/System$LoggerFinder
Event: 24.205 loading class java/lang/System$LoggerFinder done
Event: 24.214 loading class jdk/internal/logger/DefaultLoggerFinder
Event: 24.215 loading class jdk/internal/logger/DefaultLoggerFinder done
Event: 24.215 loading class sun/util/logging/internal/LoggingProviderImpl
Event: 24.215 loading class sun/util/logging/internal/LoggingProviderImpl done
Event: 24.216 loading class sun/util/logging/internal/LoggingProviderImpl$LogManagerAccess
Event: 24.216 loading class sun/util/logging/internal/LoggingProviderImpl$LogManagerAccess done
Event: 24.217 loading class jdk/internal/logger/BootstrapLogger$LoggingBackend
Event: 24.218 loading class jdk/internal/logger/BootstrapLogger$LoggingBackend done
Event: 24.218 loading class jdk/internal/logger/LazyLoggers$JdkLazyLogger
Event: 24.218 loading class jdk/internal/logger/LazyLoggers$LazyLoggerWrapper
Event: 24.219 loading class jdk/internal/logger/AbstractLoggerWrapper
Event: 24.220 loading class jdk/internal/logger/AbstractLoggerWrapper done
Event: 24.221 loading class jdk/internal/logger/LazyLoggers$LazyLoggerWrapper done
Event: 24.222 loading class jdk/internal/logger/LazyLoggers$JdkLazyLogger done
Event: 24.224 loading class jdk/internal/logger/LazyLoggers$LazyLoggerAccessor
Event: 24.227 loading class jdk/internal/logger/LazyLoggers$LoggerAccessor
Event: 24.229 loading class jdk/internal/logger/LazyLoggers$LoggerAccessor done
Event: 24.230 loading class jdk/internal/logger/LazyLoggers$LazyLoggerAccessor done
Event: 24.236 loading class sun/net/www/protocol/http/HttpURLConnection$TunnelState
Event: 24.237 loading class sun/net/www/protocol/http/HttpURLConnection$TunnelState done
Event: 24.240 loading class sun/net/www/MessageHeader
Event: 24.243 loading class sun/net/www/MessageHeader done
Event: 24.244 loading class sun/net/www/protocol/http/HttpURLConnection$2
Event: 24.246 loading class sun/net/www/protocol/http/HttpURLConnection$2 done
Event: 24.248 loading class java/net/CookieHandler
Event: 24.250 loading class java/net/CookieHandler done
Event: 24.251 loading class sun/net/www/protocol/http/HttpURLConnection$3
Event: 24.255 loading class sun/net/www/protocol/http/HttpURLConnection$3 done
Event: 24.256 loading class java/net/ResponseCache
Event: 24.258 loading class java/net/ResponseCache done
Event: 24.269 loading class sun/net/www/protocol/http/HttpURLConnection$7
Event: 24.269 loading class sun/net/www/protocol/http/HttpURLConnection$7 done
Event: 24.269 loading class java/net/ProxySelector
Event: 24.269 loading class java/net/ProxySelector done
Event: 24.270 loading class sun/net/spi/DefaultProxySelector
Event: 24.270 loading class sun/net/spi/DefaultProxySelector done
Event: 24.274 loading class java/net/Proxy
Event: 24.274 loading class java/net/Proxy done
Event: 24.274 loading class java/net/Proxy$Type
Event: 24.275 loading class java/net/Proxy$Type done
Event: 24.276 loading class sun/net/spi/DefaultProxySelector$1
Event: 24.276 loading class sun/net/spi/DefaultProxySelector$1 done
Event: 24.279 loading class java/lang/Class$1
Event: 24.279 loading class java/lang/Class$1 done
Event: 24.281 loading class jdk/internal/logger/BootstrapLogger$RedirectedLoggers
Event: 24.281 loading class jdk/internal/logger/BootstrapLogger$RedirectedLoggers done
Event: 24.282 loading class jdk/internal/logger/SurrogateLogger
Event: 24.283 loading class jdk/internal/logger/SimpleConsoleLogger
Event: 24.284 loading class sun/util/logging/PlatformLogger$ConfigurableBridge$LoggerConfiguration
Event: 24.284 loading class sun/util/logging/PlatformLogger$ConfigurableBridge$LoggerConfiguration done
Event: 24.284 loading class jdk/internal/logger/SimpleConsoleLogger done
Event: 24.284 loading class jdk/internal/logger/SurrogateLogger done
Event: 24.286 loading class sun/net/spi/DefaultProxySelector$NonProxyInfo
Event: 24.286 loading class sun/net/spi/DefaultProxySelector$NonProxyInfo done
Event: 24.287 loading class sun/net/spi/DefaultProxySelector$3
Event: 24.293 loading class sun/net/spi/DefaultProxySelector$3 done
Event: 24.294 loading class sun/net/www/http/HttpClient
Event: 24.296 loading class sun/net/NetworkClient
Event: 24.297 loading class sun/net/NetworkClient done
Event: 24.298 loading class sun/net/www/http/HttpClient done
Event: 24.299 loading class sun/net/NetworkClient$1
Event: 24.299 loading class sun/net/NetworkClient$1 done
Event: 24.301 loading class sun/net/www/http/KeepAliveCache
Event: 24.303 loading class sun/net/www/http/KeepAliveCache done
Event: 24.304 loading class sun/net/www/http/KeepAliveKey
Event: 24.305 loading class sun/net/www/http/KeepAliveKey done
Event: 24.305 loading class sun/net/www/http/HttpCapture
Event: 24.306 loading class sun/net/www/http/HttpCapture done
Event: 24.306 loading class sun/net/www/http/HttpCapture$1
Event: 24.306 loading class sun/net/www/http/HttpCapture$1 done
Event: 24.308 loading class java/net/Socket
Event: 24.310 loading class java/net/Socket done
Event: 24.311 loading class java/lang/invoke/VarHandleReferences$FieldInstanceReadWrite
Event: 24.311 loading class java/lang/invoke/VarHandleReferences$FieldInstanceReadOnly
Event: 24.313 loading class java/lang/invoke/VarHandleReferences$FieldInstanceReadOnly done
Event: 24.313 loading class java/lang/invoke/VarHandleReferences$FieldInstanceReadWrite done
Event: 24.316 loading class java/net/SocketImpl
Event: 24.316 loading class java/net/SocketOptions
Event: 24.316 loading class java/net/SocketOptions done
Event: 24.319 loading class java/net/SocketImpl done
Event: 24.324 loading class sun/nio/ch/NioSocketImpl
Event: 24.327 loading class sun/net/PlatformSocketImpl
Event: 24.327 loading class sun/net/PlatformSocketImpl done
Event: 24.328 loading class sun/nio/ch/NioSocketImpl done
Event: 24.328 loading class sun/nio/ch/SocketDispatcher
Event: 24.332 loading class sun/nio/ch/SocketDispatcher done
Event: 24.332 loading class java/net/InetSocketAddress
Event: 24.335 loading class java/net/SocketAddress
Event: 24.336 loading class java/net/SocketAddress done
Event: 24.337 loading class java/net/InetSocketAddress done
Event: 24.337 loading class java/net/InetAddress
Event: 24.338 loading class java/net/InetAddress done
Event: 24.341 loading class java/net/InetAddress$1
Event: 24.342 loading class jdk/internal/access/JavaNetInetAddressAccess
Event: 24.342 loading class jdk/internal/access/JavaNetInetAddressAccess done
Event: 24.342 loading class java/net/InetAddress$1 done
Event: 24.346 loading class java/net/InetAddress$InetAddressHolder
Event: 24.346 loading class java/net/InetAddress$InetAddressHolder done
Event: 24.346 loading class java/util/concurrent/ConcurrentSkipListSet
Event: 24.347 loading class java/util/concurrent/ConcurrentSkipListSet done
Event: 24.348 loading class java/util/concurrent/ConcurrentSkipListMap
Event: 24.349 loading class java/util/concurrent/ConcurrentNavigableMap
Event: 24.356 loading class java/util/concurrent/ConcurrentNavigableMap done
Event: 24.357 loading class java/util/concurrent/ConcurrentSkipListMap done
Event: 24.361 loading class java/util/concurrent/ConcurrentSkipListMap$Index
Event: 24.361 loading class java/util/concurrent/ConcurrentSkipListMap$Index done
Event: 24.362 loading class java/util/concurrent/atomic/LongAdder
Event: 24.362 loading class java/util/concurrent/atomic/Striped64
Event: 24.362 loading class java/util/concurrent/atomic/Striped64 done
Event: 24.362 loading class java/util/concurrent/atomic/LongAdder done
Event: 24.368 loading class java/util/concurrent/ConcurrentSkipListMap$Node
Event: 24.368 loading class java/util/concurrent/ConcurrentSkipListMap$Node done
Event: 24.369 loading class java/net/InetAddressImplFactory
Event: 24.370 loading class java/net/InetAddressImplFactory done
Event: 24.371 loading class java/net/Inet6AddressImpl
Event: 24.371 loading class java/net/InetAddressImpl
Event: 24.371 loading class java/net/InetAddressImpl done
Event: 24.371 loading class java/net/Inet6AddressImpl done
Event: 24.372 loading class java/net/InetAddress$PlatformNameService
Event: 24.372 loading class java/net/InetAddress$NameService
Event: 24.372 loading class java/net/InetAddress$NameService done
Event: 24.372 loading class java/net/InetAddress$PlatformNameService done
Event: 24.375 loading class java/net/Inet4Address
Event: 24.376 loading class java/net/Inet4Address done
Event: 24.376 loading class java/net/InetSocketAddress$InetSocketAddressHolder
Event: 24.377 loading class java/net/InetSocketAddress$InetSocketAddressHolder done
Event: 24.377 loading class sun/nio/ch/Net
Event: 24.380 loading class sun/nio/ch/Net done
Event: 24.383 loading class sun/nio/ch/Net$1
Event: 24.383 loading class java/net/ProtocolFamily
Event: 24.384 loading class java/net/ProtocolFamily done
Event: 24.384 loading class sun/nio/ch/Net$1 done
Event: 24.385 loading class java/net/Inet6Address
Event: 24.390 loading class java/net/Inet6Address done
Event: 24.391 loading class java/net/Inet6Address$Inet6AddressHolder
Event: 24.391 loading class java/net/Inet6Address$Inet6AddressHolder done
Event: 24.394 loading class sun/net/ext/ExtendedSocketOptions
Event: 24.395 loading class sun/net/ext/ExtendedSocketOptions done
Event: 24.395 loading class jdk/net/ExtendedSocketOptions
Event: 24.399 loading class jdk/net/ExtendedSocketOptions done
Event: 24.399 loading class jdk/net/ExtendedSocketOptions$ExtSocketOption
Event: 24.400 loading class java/net/SocketOption
Event: 24.400 loading class java/net/SocketOption done
Event: 24.400 loading class jdk/net/ExtendedSocketOptions$ExtSocketOption done
Event: 24.400 loading class jdk/net/UnixDomainPrincipal
Event: 24.401 loading class jdk/net/UnixDomainPrincipal done
Event: 24.401 loading class jdk/net/ExtendedSocketOptions$PlatformSocketOptions
Event: 24.401 loading class jdk/net/ExtendedSocketOptions$PlatformSocketOptions done
Event: 24.401 loading class jdk/net/ExtendedSocketOptions$PlatformSocketOptions$1
Event: 24.401 loading class jdk/net/ExtendedSocketOptions$PlatformSocketOptions$1 done
Event: 24.402 loading class jdk/net/LinuxSocketOptions
Event: 24.402 loading class jdk/net/LinuxSocketOptions done
Event: 24.411 loading class jdk/net/ExtendedSocketOptions$1
Event: 24.412 loading class jdk/net/ExtendedSocketOptions$1 done
Event: 24.417 loading class java/net/StandardProtocolFamily
Event: 24.419 loading class java/net/StandardProtocolFamily done
Event: 24.424 loading class sun/net/NetHooks
Event: 24.424 loading class sun/net/NetHooks done
Event: 24.426 loading class sun/net/sdp/SdpProvider
Event: 24.430 loading class sun/net/NetHooks$Provider
Event: 24.430 loading class sun/net/NetHooks$Provider done
Event: 24.430 loading class sun/net/sdp/SdpProvider done
Event: 24.433 loading class java/net/ConnectException
Event: 24.433 loading class java/net/SocketException
Event: 24.434 loading class java/net/SocketException done
Event: 24.434 loading class java/net/ConnectException done
Event: 24.435 loading class java/net/StandardSocketOptions
Event: 24.435 loading class java/net/StandardSocketOptions done
Event: 24.435 loading class java/net/StandardSocketOptions$StdSocketOption
Event: 24.436 loading class java/net/StandardSocketOptions$StdSocketOption done
Event: 24.438 loading class java/net/NetworkInterface
Event: 24.443 loading class java/net/NetworkInterface done
Event: 24.443 loading class sun/nio/ch/SocketOptionRegistry
Event: 24.443 loading class sun/nio/ch/SocketOptionRegistry done
Event: 24.444 loading class sun/nio/ch/SocketOptionRegistry$RegistryKey
Event: 24.444 loading class sun/nio/ch/SocketOptionRegistry$RegistryKey done
Event: 24.444 loading class sun/nio/ch/SocketOptionRegistry$LazyInitialization
Event: 24.444 loading class sun/nio/ch/SocketOptionRegistry$LazyInitialization done
Event: 24.444 loading class sun/nio/ch/OptionKey
Event: 24.445 loading class sun/nio/ch/OptionKey done
Event: 24.445 loading class sun/nio/ch/ExtendedSocketOption
Event: 24.445 loading class sun/nio/ch/ExtendedSocketOption done
Event: 24.445 loading class sun/nio/ch/ExtendedSocketOption$1
Event: 24.446 loading class sun/nio/ch/ExtendedSocketOption$1 done
Event: 24.448 loading class sun/net/util/SocketExceptions
Event: 24.448 loading class sun/net/util/SocketExceptions done
Event: 32.122 Concurrent reset
Event: 32.122 Concurrent reset done
Event: 32.123 Pause Init Mark (unload classes)
Event: 32.123 Pause Init Mark (unload classes) done
Event: 32.123 Concurrent marking roots


Dynamic libraries:
00008000-00009000 rw-p 00000000 00:00 0 
00009000-0000a000 ---p 00000000 00:00 0 
0000a000-0000b000 rw-p 00000000 00:00 0 
00010000-00011000 r-xp 00000000 b3:03 838        /usr/local/frc/JRE/bin/java
00020000-00021000 r--p 00000000 b3:03 838        /usr/local/frc/JRE/bin/java
00021000-00022000 rw-p 00001000 b3:03 838        /usr/local/frc/JRE/bin/java
01f38000-01fdd000 rw-p 00000000 00:00 0          [heap]
9e900000-9e930000 rw-p 00000000 00:00 0 
9e930000-9ea00000 ---p 00000000 00:00 0 
9ea00000-9ead6000 rw-p 00000000 00:00 0 
9ead6000-9eb00000 ---p 00000000 00:00 0 
9ebbf000-9ecfe000 rw-p 00000000 00:00 0 
9ecfe000-9ed00000 ---p 00000000 00:00 0 
9ed30000-9ed33000 ---p 00000000 00:00 0 
9ed33000-9ed80000 rw-p 00000000 00:00 0 
9ed80000-9ed81000 ---p 00000000 00:00 0 
9ed81000-9ee5e000 rw-p 00000000 00:00 0 
9ee5e000-9ef00000 ---p 00000000 00:00 0 
9ef30000-9ef31000 ---p 00000000 00:00 0 
9ef31000-9efb0000 rw-p 00000000 00:00 0 
9efb0000-9efb3000 ---p 00000000 00:00 0 
9efb3000-9f0f9000 rw-p 00000000 00:00 0 
9f0f9000-9f100000 ---p 00000000 00:00 0 
9f11c000-9f11f000 ---p 00000000 00:00 0 
9f11f000-9f16c000 rw-p 00000000 00:00 0 
9f16c000-9f16d000 ---p 00000000 00:00 0 
9f16d000-9f1ec000 rw-p 00000000 00:00 0 
9f1ec000-9f1ed000 ---p 00000000 00:00 0 
9f1ed000-9f26c000 rw-p 00000000 00:00 0 
9f26c000-9f494000 r-xp 00000000 b3:03 593        /usr/local/frc/third-party/lib/libopencv_dnn.so.4.10
9f494000-9f4a3000 ---p 00228000 b3:03 593        /usr/local/frc/third-party/lib/libopencv_dnn.so.4.10
9f4a3000-9f4b2000 r--p 00227000 b3:03 593        /usr/local/frc/third-party/lib/libopencv_dnn.so.4.10
9f4b2000-9f4b3000 rw-p 00236000 b3:03 593        /usr/local/frc/third-party/lib/libopencv_dnn.so.4.10
9f4b3000-9f531000 r-xp 00000000 b3:03 612        /usr/local/frc/third-party/lib/libopencv_photo.so.4.10
9f531000-9f541000 ---p 0007e000 b3:03 612        /usr/local/frc/third-party/lib/libopencv_photo.so.4.10
9f541000-9f543000 r--p 0007e000 b3:03 612        /usr/local/frc/third-party/lib/libopencv_photo.so.4.10
9f543000-9f544000 rw-p 00080000 b3:03 612        /usr/local/frc/third-party/lib/libopencv_photo.so.4.10
9f544000-9f5a8000 r-xp 00000000 b3:03 605        /usr/local/frc/third-party/lib/libopencv_features2d.so.4.10
9f5a8000-9f5b8000 ---p 00064000 b3:03 605        /usr/local/frc/third-party/lib/libopencv_features2d.so.4.10
9f5b8000-9f5bb000 r--p 00064000 b3:03 605        /usr/local/frc/third-party/lib/libopencv_features2d.so.4.10
9f5bb000-9f5bd000 rw-p 00067000 b3:03 605        /usr/local/frc/third-party/lib/libopencv_features2d.so.4.10
9f5bd000-9f82e000 r-xp 00000000 b3:03 613        /usr/local/frc/third-party/lib/libopencv_gapi.so.4.10
9f82e000-9f83e000 ---p 00271000 b3:03 613        /usr/local/frc/third-party/lib/libopencv_gapi.so.4.10
9f83e000-9f844000 r--p 00271000 b3:03 613        /usr/local/frc/third-party/lib/libopencv_gapi.so.4.10
9f844000-9f846000 rw-p 00277000 b3:03 613        /usr/local/frc/third-party/lib/libopencv_gapi.so.4.10
9f846000-9f847000 rw-p 00000000 00:00 0 
9f847000-9f88d000 r-xp 00000000 b3:03 606        /usr/local/frc/third-party/lib/libopencv_flann.so.4.10
9f88d000-9f89d000 ---p 00046000 b3:03 606        /usr/local/frc/third-party/lib/libopencv_flann.so.4.10
9f89d000-9f89f000 r--p 00046000 b3:03 606        /usr/local/frc/third-party/lib/libopencv_flann.so.4.10
9f89f000-9f8a0000 rw-p 00048000 b3:03 606        /usr/local/frc/third-party/lib/libopencv_flann.so.4.10
9f8a0000-9f8f3000 r-xp 00000000 b3:03 602        /usr/local/frc/third-party/lib/libopencv_stitching.so.4.10
9f8f3000-9f903000 ---p 00053000 b3:03 602        /usr/local/frc/third-party/lib/libopencv_stitching.so.4.10
9f903000-9f905000 r--p 00053000 b3:03 602        /usr/local/frc/third-party/lib/libopencv_stitching.so.4.10
9f905000-9f906000 rw-p 00055000 b3:03 602        /usr/local/frc/third-party/lib/libopencv_stitching.so.4.10
9f906000-9f99d000 r-xp 00000000 b3:03 610        /usr/local/frc/third-party/lib/libopencv_objdetect.so.4.10
9f99d000-9f9ad000 ---p 00097000 b3:03 610        /usr/local/frc/third-party/lib/libopencv_objdetect.so.4.10
9f9ad000-9f9af000 r--p 00097000 b3:03 610        /usr/local/frc/third-party/lib/libopencv_objdetect.so.4.10
9f9af000-9f9d5000 rw-p 00099000 b3:03 610        /usr/local/frc/third-party/lib/libopencv_objdetect.so.4.10
9f9d5000-9fae0000 r-xp 00000000 b3:03 596        /usr/local/frc/third-party/lib/libopencv_imgcodecs.so.4.10
9fae0000-9faf0000 ---p 0010b000 b3:03 596        /usr/local/frc/third-party/lib/libopencv_imgcodecs.so.4.10
9faf0000-9faf3000 r--p 0010b000 b3:03 596        /usr/local/frc/third-party/lib/libopencv_imgcodecs.so.4.10
9faf3000-9faf4000 rw-p 0010e000 b3:03 596        /usr/local/frc/third-party/lib/libopencv_imgcodecs.so.4.10
9faf4000-9fc4a000 r-xp 00000000 b3:03 600        /usr/local/frc/third-party/lib/libopencv_calib3d.so.4.10
9fc4a000-9fc59000 ---p 00156000 b3:03 600        /usr/local/frc/third-party/lib/libopencv_calib3d.so.4.10
9fc59000-9fc5f000 r--p 00155000 b3:03 600        /usr/local/frc/third-party/lib/libopencv_calib3d.so.4.10
9fc5f000-9fc60000 rw-p 0015b000 b3:03 600        /usr/local/frc/third-party/lib/libopencv_calib3d.so.4.10
9fc60000-9fca7000 r-xp 00000000 b3:03 588        /usr/local/frc/third-party/lib/libopencv_video.so.4.10
9fca7000-9fcb6000 ---p 00047000 b3:03 588        /usr/local/frc/third-party/lib/libopencv_video.so.4.10
9fcb6000-9fcb8000 r--p 00046000 b3:03 588        /usr/local/frc/third-party/lib/libopencv_video.so.4.10
9fcb8000-9fcb9000 rw-p 00048000 b3:03 588        /usr/local/frc/third-party/lib/libopencv_video.so.4.10
9fcb9000-9fd0f000 r-xp 00000000 b3:03 592        /usr/local/frc/third-party/lib/libopencv_ml.so.4.10
9fd0f000-9fd1e000 ---p 00056000 b3:03 592        /usr/local/frc/third-party/lib/libopencv_ml.so.4.10
9fd1e000-9fd20000 r--p 00055000 b3:03 592        /usr/local/frc/third-party/lib/libopencv_ml.so.4.10
9fd20000-9fd21000 rw-p 00057000 b3:03 592        /usr/local/frc/third-party/lib/libopencv_ml.so.4.10
9fd21000-9ffb3000 r-xp 00000000 b3:03 604        /usr/local/frc/third-party/lib/libopencv_imgproc.so.4.10
9ffb3000-9ffc3000 ---p 00292000 b3:03 604        /usr/local/frc/third-party/lib/libopencv_imgproc.so.4.10
9ffc3000-9ffcc000 r--p 00292000 b3:03 604        /usr/local/frc/third-party/lib/libopencv_imgproc.so.4.10
9ffcc000-9ffd0000 rw-p 0029b000 b3:03 604        /usr/local/frc/third-party/lib/libopencv_imgproc.so.4.10
9ffd0000-a006c000 rw-p 00000000 00:00 0 
a006c000-a00ba000 r-xp 00000000 b3:03 597        /usr/local/frc/third-party/lib/libopencv_videoio.so.4.10
a00ba000-a00c9000 ---p 0004e000 b3:03 597        /usr/local/frc/third-party/lib/libopencv_videoio.so.4.10
a00c9000-a00cb000 r--p 0004d000 b3:03 597        /usr/local/frc/third-party/lib/libopencv_videoio.so.4.10
a00cb000-a00cc000 rw-p 0004f000 b3:03 597        /usr/local/frc/third-party/lib/libopencv_videoio.so.4.10
a00cc000-a00ce000 rw-p 00000000 00:00 0 
a00ce000-a02fb000 r-xp 00000000 b3:03 607        /usr/local/frc/third-party/lib/libopencv_core.so.4.10
a02fb000-a030b000 ---p 0022d000 b3:03 607        /usr/local/frc/third-party/lib/libopencv_core.so.4.10
a030b000-a0312000 r--p 0022d000 b3:03 607        /usr/local/frc/third-party/lib/libopencv_core.so.4.10
a0312000-a0313000 rw-p 00234000 b3:03 607        /usr/local/frc/third-party/lib/libopencv_core.so.4.10
a0313000-a0316000 rw-p 00000000 00:00 0 
a0316000-a03bb000 r-xp 00000000 b3:03 611        /usr/local/frc/third-party/lib/libcscore.so
a03bb000-a03cb000 ---p 000a5000 b3:03 611        /usr/local/frc/third-party/lib/libcscore.so
a03cb000-a03cc000 r--p 000a5000 b3:03 611        /usr/local/frc/third-party/lib/libcscore.so
a03cc000-a03cd000 rw-p 000a6000 b3:03 611        /usr/local/frc/third-party/lib/libcscore.so
a03cd000-a05ed000 r-xp 00000000 b3:03 599        /usr/local/frc/third-party/lib/libwpimath.so
a05ed000-a05fd000 ---p 00220000 b3:03 599        /usr/local/frc/third-party/lib/libwpimath.so
a05fd000-a05fe000 r--p 00220000 b3:03 599        /usr/local/frc/third-party/lib/libwpimath.so
a05fe000-a0600000 rw-p 00221000 b3:03 599        /usr/local/frc/third-party/lib/libwpimath.so
a0600000-a06ff000 rw-p 00000000 00:00 0 
a06ff000-a0700000 ---p 00000000 00:00 0 
a0700000-a0701000 ---p 00000000 00:00 0 
a0701000-a0780000 rw-p 00000000 00:00 0 
a0780000-a0781000 ---p 00000000 00:00 0 
a0781000-a0800000 rw-p 00000000 00:00 0 
a0800000-a0801000 ---p 00000000 00:00 0 
a0801000-a0880000 rw-p 00000000 00:00 0 
a0880000-a0881000 ---p 00000000 00:00 0 
a0881000-a0900000 rw-p 00000000 00:00 0 
a0900000-a0aa6000 r-xp 00000000 b3:03 590        /usr/local/frc/third-party/lib/libCTRE_Phoenix6.so
a0aa6000-a0ab6000 ---p 001a6000 b3:03 590        /usr/local/frc/third-party/lib/libCTRE_Phoenix6.so
a0ab6000-a0ab9000 r--p 001a6000 b3:03 590        /usr/local/frc/third-party/lib/libCTRE_Phoenix6.so
a0ab9000-a0abb000 rw-p 001a9000 b3:03 590        /usr/local/frc/third-party/lib/libCTRE_Phoenix6.so
a0abb000-a0abd000 rw-p 00000000 00:00 0 
a0abd000-a0abe000 ---p 00000000 00:00 0 
a0abe000-a0b3d000 rw-p 00000000 00:00 0 
a0b3d000-a0ed5000 r-xp 00000000 b3:03 603        /usr/local/frc/third-party/lib/libCTRE_PhoenixTools.so
a0ed5000-a0ee5000 ---p 00398000 b3:03 603        /usr/local/frc/third-party/lib/libCTRE_PhoenixTools.so
a0ee5000-a0ee6000 r--p 00398000 b3:03 603        /usr/local/frc/third-party/lib/libCTRE_PhoenixTools.so
a0ee6000-a0eea000 rw-p 00399000 b3:03 603        /usr/local/frc/third-party/lib/libCTRE_PhoenixTools.so
a0eea000-a0eed000 rw-p 00000000 00:00 0 
a0eed000-a0eee000 ---p 00000000 00:00 0 
a0eee000-a16ed000 rw-p 00000000 00:00 0 
a16ed000-a16ee000 ---p 00000000 00:00 0 
a16ee000-a1eed000 rw-p 00000000 00:00 0 
a1eed000-a1eee000 ---p 00000000 00:00 0 
a1eee000-a26ed000 rw-p 00000000 00:00 0 
a26ed000-a26ee000 ---p 00000000 00:00 0 
a26ee000-a2eed000 rw-p 00000000 00:00 0 
a2eed000-a32ed000 rw-s 00000000 00:06 10202      /dev/ni/atomiczynqk:0\atomiczynqk_atomicrioddkzynq\0
a32ed000-a36c9000 rw-p 00000000 00:00 0 
a36ed000-a36ef000 r-xp 00000000 b3:03 865        /usr/local/frc/JRE/lib/libextnet.so
a36ef000-a36fe000 ---p 00002000 b3:03 865        /usr/local/frc/JRE/lib/libextnet.so
a36fe000-a36ff000 r--p 00001000 b3:03 865        /usr/local/frc/JRE/lib/libextnet.so
a36ff000-a3700000 rw-p 00002000 b3:03 865        /usr/local/frc/JRE/lib/libextnet.so
a3700000-a3701000 ---p 00000000 00:00 0 
a3701000-a3780000 rw-p 00000000 00:00 0 
a3780000-a3781000 ---p 00000000 00:00 0 
a3781000-a3800000 rw-p 00000000 00:00 0 
a3800000-a3801000 ---p 00000000 00:00 0 
a3801000-a3880000 rw-p 00000000 00:00 0 
a3880000-a3881000 ---p 00000000 00:00 0 
a3881000-a39fb000 rw-p 00000000 00:00 0 
a39fb000-a3a00000 ---p 00000000 00:00 0 
a3a0e000-a3a2e000 r-xp 00000000 b3:03 582        /usr/local/frc/third-party/lib/libopencv_highgui.so.4.10
a3a2e000-a3a3e000 ---p 00020000 b3:03 582        /usr/local/frc/third-party/lib/libopencv_highgui.so.4.10
a3a3e000-a3a3f000 r--p 00020000 b3:03 582        /usr/local/frc/third-party/lib/libopencv_highgui.so.4.10
a3a3f000-a3a40000 rw-p 00021000 b3:03 582        /usr/local/frc/third-party/lib/libopencv_highgui.so.4.10
a3a40000-a3b40000 rw-p 00000000 00:00 0 
a3b52000-a3b57000 r-xp 00000000 b3:03 921        /usr/local/frc/third-party/lib/libwpilibio.so
a3b57000-a3b66000 ---p 00005000 b3:03 921        /usr/local/frc/third-party/lib/libwpilibio.so
a3b66000-a3b67000 r--p 00004000 b3:03 921        /usr/local/frc/third-party/lib/libwpilibio.so
a3b67000-a3b68000 rw-p 00005000 b3:03 921        /usr/local/frc/third-party/lib/libwpilibio.so
a3b68000-a3b6f000 r-xp 00000000 b3:03 589        /usr/local/frc/third-party/lib/libopencv_aruco.so.4.10
a3b6f000-a3b7e000 ---p 00007000 b3:03 589        /usr/local/frc/third-party/lib/libopencv_aruco.so.4.10
a3b7e000-a3b7f000 r--p 00006000 b3:03 589        /usr/local/frc/third-party/lib/libopencv_aruco.so.4.10
a3b7f000-a3b80000 rw-p 00007000 b3:03 589        /usr/local/frc/third-party/lib/libopencv_aruco.so.4.10
a3b80000-a3b81000 ---p 00000000 00:00 0 
a3b81000-a3cff000 rw-p 00000000 00:00 0 
a3cff000-a3d00000 ---p 00000000 00:00 0 
a3d06000-a3d18000 r-xp 00000000 b3:03 931        /usr/local/frc/third-party/lib/libphotontargeting.so
a3d18000-a3d27000 ---p 00012000 b3:03 931        /usr/local/frc/third-party/lib/libphotontargeting.so
a3d27000-a3d28000 r--p 00011000 b3:03 931        /usr/local/frc/third-party/lib/libphotontargeting.so
a3d28000-a3d29000 rw-p 00012000 b3:03 931        /usr/local/frc/third-party/lib/libphotontargeting.so
a3d29000-a3d2a000 ---p 00000000 00:00 0 
a3d2a000-a3da9000 rw-p 00000000 00:00 0 
a3da9000-a3daa000 ---p 00000000 00:00 0 
a3daa000-a3e29000 rw-p 00000000 00:00 0 
a3e29000-a3e2a000 ---p 00000000 00:00 0 
a3e2a000-a3ea9000 rw-p 00000000 00:00 0 
a3ea9000-a3eaa000 ---p 00000000 00:00 0 
a3eaa000-a3f29000 rw-p 00000000 00:00 0 
a3f29000-a3fd8000 r-xp 00000000 b3:03 26083      /usr/lib/arm-linux-gnueabi/libatomiczynqu.so.23.3.0
a3fd8000-a3fe0000 ---p 000af000 b3:03 26083      /usr/lib/arm-linux-gnueabi/libatomiczynqu.so.23.3.0
a3fe0000-a3fe9000 rw-p 000af000 b3:03 26083      /usr/lib/arm-linux-gnueabi/libatomiczynqu.so.23.3.0
a3ff0000-a3ff5000 r-xp 00000000 b3:03 546        /usr/local/frc/third-party/lib/libphotontargetingJNI.so
a3ff5000-a4004000 ---p 00005000 b3:03 546        /usr/local/frc/third-party/lib/libphotontargetingJNI.so
a4004000-a4005000 r--p 00004000 b3:03 546        /usr/local/frc/third-party/lib/libphotontargetingJNI.so
a4005000-a4006000 rw-p 00005000 b3:03 546        /usr/local/frc/third-party/lib/libphotontargetingJNI.so
a4006000-a4007000 ---p 00000000 00:00 0 
a4007000-a4086000 rw-p 00000000 00:00 0 
a4086000-a4087000 ---p 00000000 00:00 0 
a4087000-a4106000 rw-p 00000000 00:00 0 
a4106000-a4107000 ---p 00000000 00:00 0 
a4107000-a4186000 rw-p 00000000 00:00 0 
a4186000-a418b000 r-xp 00000000 b3:03 868        /usr/local/frc/JRE/lib/libmanagement_ext.so
a418b000-a419a000 ---p 00005000 b3:03 868        /usr/local/frc/JRE/lib/libmanagement_ext.so
a419a000-a419b000 r--p 00004000 b3:03 868        /usr/local/frc/JRE/lib/libmanagement_ext.so
a419b000-a419c000 rw-p 00005000 b3:03 868        /usr/local/frc/JRE/lib/libmanagement_ext.so
a419c000-a419f000 ---p 00000000 00:00 0 
a419f000-a41ec000 rw-p 00000000 00:00 0 
a41ec000-a41ed000 ---p 00000000 00:00 0 
a41ed000-a426c000 rw-p 00000000 00:00 0 
a426c000-a426f000 ---p 00000000 00:00 0 
a426f000-a42bc000 rw-p 00000000 00:00 0 
a42bc000-a42bd000 ---p 00000000 00:00 0 
a42bd000-a433c000 rw-p 00000000 00:00 0 
a433c000-a4457000 r-xp 00000000 b3:03 595        /usr/local/frc/third-party/lib/libwpinet.so
a4457000-a4466000 ---p 0011b000 b3:03 595        /usr/local/frc/third-party/lib/libwpinet.so
a4466000-a4469000 r--p 0011a000 b3:03 595        /usr/local/frc/third-party/lib/libwpinet.so
a4469000-a446b000 rw-p 0011d000 b3:03 595        /usr/local/frc/third-party/lib/libwpinet.so
a446b000-a446c000 rw-p 00000000 00:00 0 
a446c000-a45a4000 r-xp 00000000 b3:03 584        /usr/local/frc/third-party/lib/libntcore.so
a45a4000-a45b3000 ---p 00138000 b3:03 584        /usr/local/frc/third-party/lib/libntcore.so
a45b3000-a45b6000 r--p 00137000 b3:03 584        /usr/local/frc/third-party/lib/libntcore.so
a45b6000-a45b8000 rw-p 0013a000 b3:03 584        /usr/local/frc/third-party/lib/libntcore.so
a45b8000-a45ef000 r-xp 00000000 b3:03 609        /usr/local/frc/third-party/lib/libntcorejni.so
a45ef000-a45fe000 ---p 00037000 b3:03 609        /usr/local/frc/third-party/lib/libntcorejni.so
a45fe000-a45ff000 r--p 00036000 b3:03 609        /usr/local/frc/third-party/lib/libntcorejni.so
a45ff000-a4600000 rw-p 00037000 b3:03 609        /usr/local/frc/third-party/lib/libntcorejni.so
a4600000-a4601000 ---p 00000000 00:00 0 
a4601000-a4640000 rw-p 00000000 00:00 0 
a4640000-a4641000 ---p 00000000 00:00 0 
a4641000-a4680000 rw-p 00000000 00:00 0 
a4680000-a4681000 ---p 00000000 00:00 0 
a4681000-a46c0000 rw-p 00000000 00:00 0 
a46c0000-a46c1000 ---p 00000000 00:00 0 
a46c1000-a47f6000 rw-p 00000000 00:00 0 
a47f6000-a4800000 ---p 00000000 00:00 0 
a4802000-a4805000 r-xp 00000000 b3:03 899        /usr/local/frc/JRE/lib/libmanagement.so
a4805000-a4814000 ---p 00003000 b3:03 899        /usr/local/frc/JRE/lib/libmanagement.so
a4814000-a4815000 r--p 00002000 b3:03 899        /usr/local/frc/JRE/lib/libmanagement.so
a4815000-a4816000 rw-p 00003000 b3:03 899        /usr/local/frc/JRE/lib/libmanagement.so
a4816000-a4836000 rw-s 00000000 00:06 10202      /dev/ni/atomiczynqk:0\atomiczynqk_atomicrioddkzynq\0
a4836000-a4837000 ---p 00000000 00:00 0 
a4837000-a4876000 rw-p 00000000 00:00 0 
a4876000-a48f6000 rw-s 00000000 00:05 229376     /SYSV02036470 (deleted)
a48f6000-a49af000 r-xp 00000000 b3:03 25507      /usr/lib/arm-linux-gnueabi/libniriodevenum.so.23.3.0
a49af000-a49b7000 ---p 000b9000 b3:03 25507      /usr/lib/arm-linux-gnueabi/libniriodevenum.so.23.3.0
a49b7000-a49ba000 rw-p 000b9000 b3:03 25507      /usr/lib/arm-linux-gnueabi/libniriodevenum.so.23.3.0
a49ba000-a4a86000 r-xp 00000000 b3:03 26009      /usr/lib/arm-linux-gnueabi/libNiRioSrv.so.23.3.0
a4a86000-a4a8d000 ---p 000cc000 b3:03 26009      /usr/lib/arm-linux-gnueabi/libNiRioSrv.so.23.3.0
a4a8d000-a4a93000 rw-p 000cb000 b3:03 26009      /usr/lib/arm-linux-gnueabi/libNiRioSrv.so.23.3.0
a4a93000-a4ad5000 r-xp 00000000 b3:03 26013      /usr/lib/arm-linux-gnueabi/libNiFpga.so.23.3.0
a4ad5000-a4add000 ---p 00042000 b3:03 26013      /usr/lib/arm-linux-gnueabi/libNiFpga.so.23.3.0
a4add000-a4ade000 rw-p 00042000 b3:03 26013      /usr/lib/arm-linux-gnueabi/libNiFpga.so.23.3.0
a4ade000-a4b09000 r-xp 00000000 b3:03 23739      /usr/local/natinst/lib/libni_emb.so.23.1.0
a4b09000-a4b11000 ---p 0002b000 b3:03 23739      /usr/local/natinst/lib/libni_emb.so.23.1.0
a4b11000-a4b12000 rw-p 0002b000 b3:03 23739      /usr/local/natinst/lib/libni_emb.so.23.1.0
a4b12000-a4bd3000 r-xp 00000000 b3:03 24937      /usr/local/frc/lib/libRoboRIO_FRC_ChipObject.so.25.0.0
a4bd3000-a4bda000 ---p 000c1000 b3:03 24937      /usr/local/frc/lib/libRoboRIO_FRC_ChipObject.so.25.0.0
a4bda000-a4be0000 rw-p 000c0000 b3:03 24937      /usr/local/frc/lib/libRoboRIO_FRC_ChipObject.so.25.0.0
a4be0000-a4c9f000 r-xp 00000000 b3:03 24934      /usr/local/frc/lib/libFRC_NetworkCommunication.so.25.0.0
a4c9f000-a4ca7000 ---p 000bf000 b3:03 24934      /usr/local/frc/lib/libFRC_NetworkCommunication.so.25.0.0
a4ca7000-a4caa000 rw-p 000bf000 b3:03 24934      /usr/local/frc/lib/libFRC_NetworkCommunication.so.25.0.0
a4caa000-a4fe6000 r-xp 00000000 b3:03 594        /usr/local/frc/third-party/lib/libwpiutil.so
a4fe6000-a4ff5000 ---p 0033c000 b3:03 594        /usr/local/frc/third-party/lib/libwpiutil.so
a4ff5000-a4ff9000 r--p 0033b000 b3:03 594        /usr/local/frc/third-party/lib/libwpiutil.so
a4ff9000-a4ffe000 rw-p 0033f000 b3:03 594        /usr/local/frc/third-party/lib/libwpiutil.so
a4ffe000-a5400000 rw-p 00000000 00:00 0 
a5400000-a5500000 rw-p 00000000 00:00 0 
a5500000-a5600000 rw-p 00000000 00:00 0 
a5600000-a5a60000 rw-p 00000000 00:00 0 
a5a60000-a5b00000 ---p 00000000 00:00 0 
a5b00000-a5bd0000 rw-p 00000000 00:00 0 
a5bd0000-a6000000 ---p 00000000 00:00 0 
a6003000-a600b000 r-xp 00000000 b3:03 25511      /usr/lib/arm-linux-gnueabi/libniriosession.so.23.3.0
a600b000-a600c000 rw-p 00008000 b3:03 25511      /usr/lib/arm-linux-gnueabi/libniriosession.so.23.3.0
a600c000-a6015000 r-xp 00000000 b3:03 26011      /usr/lib/arm-linux-gnueabi/libNiFpgaLv.so.23.3.0
a6015000-a601c000 ---p 00009000 b3:03 26011      /usr/lib/arm-linux-gnueabi/libNiFpgaLv.so.23.3.0
a601c000-a601d000 rw-p 00008000 b3:03 26011      /usr/lib/arm-linux-gnueabi/libNiFpgaLv.so.23.3.0
a601d000-a602e000 r-xp 00000000 b3:03 26050      /usr/local/natinst/lib/libnirio_emb_can.so.23.3.0
a602e000-a6036000 ---p 00011000 b3:03 26050      /usr/local/natinst/lib/libnirio_emb_can.so.23.3.0
a6036000-a6037000 rw-p 00011000 b3:03 26050      /usr/local/natinst/lib/libnirio_emb_can.so.23.3.0
a6037000-a6066000 r-xp 00000000 b3:03 25712      /usr/lib/arm-linux-gnueabi/libvisa.so.23.3.0
a6066000-a606e000 ---p 0002f000 b3:03 25712      /usr/lib/arm-linux-gnueabi/libvisa.so.23.3.0
a606e000-a606f000 rw-p 0002f000 b3:03 25712      /usr/lib/arm-linux-gnueabi/libvisa.so.23.3.0
a606f000-a607f000 rw-p 00000000 00:00 0 
a607f000-a6104000 r-xp 00000000 b3:03 598        /usr/local/frc/third-party/lib/libwpiHal.so
a6104000-a6114000 ---p 00085000 b3:03 598        /usr/local/frc/third-party/lib/libwpiHal.so
a6114000-a6115000 r--p 00085000 b3:03 598        /usr/local/frc/third-party/lib/libwpiHal.so
a6115000-a6116000 rw-p 00086000 b3:03 598        /usr/local/frc/third-party/lib/libwpiHal.so
a6116000-a611b000 rw-p 00000000 00:00 0 
a611b000-a616a000 r-xp 00000000 b3:03 591        /usr/local/frc/third-party/lib/libwpiHaljni.so
a616a000-a6179000 ---p 0004f000 b3:03 591        /usr/local/frc/third-party/lib/libwpiHaljni.so
a6179000-a617a000 r--p 0004e000 b3:03 591        /usr/local/frc/third-party/lib/libwpiHaljni.so
a617a000-a617c000 rw-p 0004f000 b3:03 591        /usr/local/frc/third-party/lib/libwpiHaljni.so
a617c000-a6180000 r-xp 00000000 b3:03 25354      /usr/lib/libatomic.so.1.2.0
a6180000-a618f000 ---p 00004000 b3:03 25354      /usr/lib/libatomic.so.1.2.0
a618f000-a6190000 r--p 00003000 b3:03 25354      /usr/lib/libatomic.so.1.2.0
a6190000-a6191000 rw-p 00004000 b3:03 25354      /usr/lib/libatomic.so.1.2.0
a6191000-a6192000 rw-p 00000000 00:00 0 
a6192000-a619c000 r-xp 00000000 b3:03 585        /usr/local/frc/third-party/lib/libwpiutiljni.so
a619c000-a61ab000 ---p 0000a000 b3:03 585        /usr/local/frc/third-party/lib/libwpiutiljni.so
a61ab000-a61ac000 r--p 00009000 b3:03 585        /usr/local/frc/third-party/lib/libwpiutiljni.so
a61ac000-a61ad000 rw-p 0000a000 b3:03 585        /usr/local/frc/third-party/lib/libwpiutiljni.so
a61ad000-a61be000 r-xp 00000000 b3:03 907        /usr/local/frc/JRE/lib/libzip.so
a61be000-a61cd000 ---p 00011000 b3:03 907        /usr/local/frc/JRE/lib/libzip.so
a61cd000-a61ce000 r--p 00010000 b3:03 907        /usr/local/frc/JRE/lib/libzip.so
a61ce000-a61cf000 rw-p 00011000 b3:03 907        /usr/local/frc/JRE/lib/libzip.so
a61cf000-a61d2000 ---p 00000000 00:00 0 
a61d2000-a621f000 rw-p 00000000 00:00 0 
a621f000-a6220000 ---p 00000000 00:00 0 
a6220000-a62a0000 rw-p 00000000 00:00 0 
a62a0000-a62a3000 ---p 00000000 00:00 0 
a62a3000-a62f0000 rw-p 00000000 00:00 0 
a62f0000-a62f3000 ---p 00000000 00:00 0 
a62f3000-a6340000 rw-p 00000000 00:00 0 
a6340000-a6343000 ---p 00000000 00:00 0 
a6343000-a63c0000 rw-p 00000000 00:00 0 
a63c0000-a63c3000 ---p 00000000 00:00 0 
a63c3000-a6410000 rw-p 00000000 00:00 0 
a6410000-a6413000 ---p 00000000 00:00 0 
a6413000-a6460000 rw-p 00000000 00:00 0 
a6460000-a6463000 ---p 00000000 00:00 0 
a6463000-a64b0000 rw-p 00000000 00:00 0 
a64b0000-a64b3000 ---p 00000000 00:00 0 
a64b3000-a65fb000 rw-p 00000000 00:00 0 
a65fb000-a6600000 ---p 00000000 00:00 0 
a6604000-a6606000 r-xp 00000000 b3:03 5699       /usr/local/natinst/lib/libni_rtlog.so.2.10.0
a6606000-a660e000 ---p 00002000 b3:03 5699       /usr/local/natinst/lib/libni_rtlog.so.2.10.0
a660e000-a660f000 rw-p 00002000 b3:03 5699       /usr/local/natinst/lib/libni_rtlog.so.2.10.0
a660f000-a661e000 r-xp 00000000 b3:03 898        /usr/local/frc/JRE/lib/libnet.so
a661e000-a662d000 ---p 0000f000 b3:03 898        /usr/local/frc/JRE/lib/libnet.so
a662d000-a662e000 r--p 0000e000 b3:03 898        /usr/local/frc/JRE/lib/libnet.so
a662e000-a662f000 rw-p 0000f000 b3:03 898        /usr/local/frc/JRE/lib/libnet.so
a662f000-a6632000 ---p 00000000 00:00 0 
a6632000-a667f000 rw-p 00000000 00:00 0 
a667f000-a6680000 ---p 00000000 00:00 0 
a6680000-a67fe000 rw-p 00000000 00:00 0 
a67fe000-a6800000 ---p 00000000 00:00 0 
a6807000-a6814000 r-xp 00000000 b3:03 905        /usr/local/frc/JRE/lib/libnio.so
a6814000-a6823000 ---p 0000d000 b3:03 905        /usr/local/frc/JRE/lib/libnio.so
a6823000-a6824000 r--p 0000c000 b3:03 905        /usr/local/frc/JRE/lib/libnio.so
a6824000-a6825000 rw-p 0000d000 b3:03 905        /usr/local/frc/JRE/lib/libnio.so
a6825000-a6880000 rw-p 00000000 00:00 0 
a6880000-a6ec0000 ---p 00000000 00:00 0 
a6ec0000-a7056000 rw-p 00000000 00:00 0 
a7056000-a7500000 ---p 00000000 00:00 0 
a7500000-aa7c0000 rw-p 00000000 00:00 0 
aa7c0000-b3d00000 ---p 00000000 00:00 0 
b3d00000-b3dfc000 rw-p 00000000 00:00 0 
b3dfc000-b3e00000 ---p 00000000 00:00 0 
b3e0c000-b3e0d000 ---p 00000000 00:00 0 
b3e0d000-b3ece000 rw-p 00000000 00:00 0 
b3ece000-b3ecf000 ---p 00000000 00:00 0 
b3ecf000-b3f95000 rw-p 00000000 00:00 0 
b3f95000-b400f000 ---p 00000000 00:00 0 
b400f000-b418f000 rwxp 00000000 00:00 0 
b418f000-b600f000 ---p 00000000 00:00 0 
b600f000-b6027000 r-xp 00000000 b3:03 902        /usr/local/frc/JRE/lib/libjava.so
b6027000-b6036000 ---p 00018000 b3:03 902        /usr/local/frc/JRE/lib/libjava.so
b6036000-b6037000 r--p 00017000 b3:03 902        /usr/local/frc/JRE/lib/libjava.so
b6037000-b6038000 rw-p 00018000 b3:03 902        /usr/local/frc/JRE/lib/libjava.so
b6038000-b61c7000 r-xp 00000000 b3:03 24706      /lib/libnss_niauth.so.21.5.0
b61c7000-b61ce000 ---p 0018f000 b3:03 24706      /lib/libnss_niauth.so.21.5.0
b61ce000-b61ec000 rw-p 0018e000 b3:03 24706      /lib/libnss_niauth.so.21.5.0
b61ec000-b61ef000 rw-p 00000000 00:00 0 
b61ef000-b6300000 r--s 00000000 b3:03 890        /usr/local/frc/JRE/lib/modules
b6300000-b63ff000 rw-p 00000000 00:00 0 
b63ff000-b6400000 ---p 00000000 00:00 0 
b6400000-b640d000 rw-p 00000000 00:00 0 
b640d000-b6416000 r-xp 00000000 b3:03 20828      /lib/libnss_files-2.24.so
b6416000-b6425000 ---p 00009000 b3:03 20828      /lib/libnss_files-2.24.so
b6425000-b6426000 r--p 00008000 b3:03 20828      /lib/libnss_files-2.24.so
b6426000-b6427000 rw-p 00009000 b3:03 20828      /lib/libnss_files-2.24.so
b6427000-b642d000 rw-p 00000000 00:00 0 
b642d000-b6436000 r-xp 00000000 b3:03 6070       /lib/libnss_nis-2.24.so
b6436000-b6445000 ---p 00009000 b3:03 6070       /lib/libnss_nis-2.24.so
b6445000-b6446000 r--p 00008000 b3:03 6070       /lib/libnss_nis-2.24.so
b6446000-b6447000 rw-p 00009000 b3:03 6070       /lib/libnss_nis-2.24.so
b6447000-b6458000 r-xp 00000000 b3:03 6146       /lib/libnsl-2.24.so
b6458000-b6467000 ---p 00011000 b3:03 6146       /lib/libnsl-2.24.so
b6467000-b6468000 r--p 00010000 b3:03 6146       /lib/libnsl-2.24.so
b6468000-b6469000 rw-p 00011000 b3:03 6146       /lib/libnsl-2.24.so
b6469000-b646b000 rw-p 00000000 00:00 0 
b646b000-b6471000 r-xp 00000000 b3:03 20838      /lib/libnss_compat-2.24.so
b6471000-b6481000 ---p 00006000 b3:03 20838      /lib/libnss_compat-2.24.so
b6481000-b6482000 r--p 00006000 b3:03 20838      /lib/libnss_compat-2.24.so
b6482000-b6483000 rw-p 00007000 b3:03 20838      /lib/libnss_compat-2.24.so
b6483000-b648b000 rw-s 00000000 00:10 57942784   /var/volatile/tmp/hsperfdata_lvuser/12211
b648b000-b648e000 r-xp 00000000 b3:03 844        /usr/local/frc/JRE/lib/libjimage.so
b648e000-b649d000 ---p 00003000 b3:03 844        /usr/local/frc/JRE/lib/libjimage.so
b649d000-b649e000 r--p 00002000 b3:03 844        /usr/local/frc/JRE/lib/libjimage.so
b649e000-b649f000 rw-p 00003000 b3:03 844        /usr/local/frc/JRE/lib/libjimage.so
b649f000-b64a2000 ---p 00000000 00:00 0 
b64a2000-b64ef000 rw-p 00000000 00:00 0 
b64ef000-b650a000 r-xp 00000000 b3:03 6078       /lib/libgcc_s.so.1
b650a000-b6519000 ---p 0001b000 b3:03 6078       /lib/libgcc_s.so.1
b6519000-b651a000 r--p 0001a000 b3:03 6078       /lib/libgcc_s.so.1
b651a000-b651b000 rw-p 0001b000 b3:03 6078       /lib/libgcc_s.so.1
b651b000-b6588000 r-xp 00000000 b3:03 20817      /lib/libm-2.24.so
b6588000-b6597000 ---p 0006d000 b3:03 20817      /lib/libm-2.24.so
b6597000-b6598000 r--p 0006c000 b3:03 20817      /lib/libm-2.24.so
b6598000-b6599000 rw-p 0006d000 b3:03 20817      /lib/libm-2.24.so
b6599000-b6748000 r-xp 00000000 b3:03 5458       /usr/lib/libstdc++.so.6.0.30
b6748000-b6757000 ---p 001af000 b3:03 5458       /usr/lib/libstdc++.so.6.0.30
b6757000-b675c000 r--p 001ae000 b3:03 5458       /usr/lib/libstdc++.so.6.0.30
b675c000-b675e000 rw-p 001b3000 b3:03 5458       /usr/lib/libstdc++.so.6.0.30
b675e000-b6760000 rw-p 00000000 00:00 0 
b6760000-b6766000 r-xp 00000000 b3:03 20883      /lib/librt-2.24.so
b6766000-b6775000 ---p 00006000 b3:03 20883      /lib/librt-2.24.so
b6775000-b6776000 r--p 00005000 b3:03 20883      /lib/librt-2.24.so
b6776000-b6777000 rw-p 00006000 b3:03 20883      /lib/librt-2.24.so
b6777000-b6d3a000 r-xp 00000000 b3:03 977        /usr/local/frc/JRE/lib/client/libjvm.so
b6d3a000-b6d49000 ---p 005c3000 b3:03 977        /usr/local/frc/JRE/lib/client/libjvm.so
b6d49000-b6d62000 r--p 005c2000 b3:03 977        /usr/local/frc/JRE/lib/client/libjvm.so
b6d62000-b6d73000 rw-p 005db000 b3:03 977        /usr/local/frc/JRE/lib/client/libjvm.so
b6d73000-b6d99000 rw-p 00000000 00:00 0 
b6d99000-b6ebe000 r-xp 00000000 b3:03 20809      /lib/libc-2.24.so
b6ebe000-b6ece000 ---p 00125000 b3:03 20809      /lib/libc-2.24.so
b6ece000-b6ed0000 r--p 00125000 b3:03 20809      /lib/libc-2.24.so
b6ed0000-b6ed1000 rw-p 00127000 b3:03 20809      /lib/libc-2.24.so
b6ed1000-b6ed4000 rw-p 00000000 00:00 0 
b6ed4000-b6ed6000 r-xp 00000000 b3:03 6144       /lib/libdl-2.24.so
b6ed6000-b6ee5000 ---p 00002000 b3:03 6144       /lib/libdl-2.24.so
b6ee5000-b6ee6000 r--p 00001000 b3:03 6144       /lib/libdl-2.24.so
b6ee6000-b6ee7000 rw-p 00002000 b3:03 6144       /lib/libdl-2.24.so
b6ee7000-b6efd000 r-xp 00000000 b3:03 20825      /lib/libpthread-2.24.so
b6efd000-b6f0c000 ---p 00016000 b3:03 20825      /lib/libpthread-2.24.so
b6f0c000-b6f0d000 r--p 00015000 b3:03 20825      /lib/libpthread-2.24.so
b6f0d000-b6f0e000 rw-p 00016000 b3:03 20825      /lib/libpthread-2.24.so
b6f0e000-b6f10000 rw-p 00000000 00:00 0 
b6f10000-b6f20000 r-xp 00000000 b3:03 969        /usr/local/frc/JRE/lib/libjli.so
b6f20000-b6f2f000 ---p 00010000 b3:03 969        /usr/local/frc/JRE/lib/libjli.so
b6f2f000-b6f30000 r--p 0000f000 b3:03 969        /usr/local/frc/JRE/lib/libjli.so
b6f30000-b6f31000 rw-p 00010000 b3:03 969        /usr/local/frc/JRE/lib/libjli.so
b6f31000-b6f51000 r-xp 00000000 b3:03 20840      /lib/ld-2.24.so
b6f54000-b6f56000 rw-p 00000000 00:00 0 
b6f5a000-b6f5b000 rw-s 00000000 00:06 9051       /dev/ni/niembcanzynqk:0\niembcan_ucan\0
b6f5b000-b6f5c000 ---p 00000000 00:00 0 
b6f5c000-b6f5d000 r--p 00000000 00:00 0 
b6f5d000-b6f5e000 rwxp 00000000 00:00 0 
b6f5e000-b6f60000 rw-p 00000000 00:00 0 
b6f60000-b6f61000 r--p 0001f000 b3:03 20840      /lib/ld-2.24.so
b6f61000-b6f62000 rw-p 00020000 b3:03 20840      /lib/ld-2.24.so
bef7d000-bef9e000 rw-p 00000000 00:00 0          [stack]
beff7000-beff8000 r-xp 00000000 00:00 0          [sigpage]
ffff0000-ffff1000 r-xp 00000000 00:00 0          [vectors]


VM Arguments:
jvm_args: -Djava.lang.invoke.stringConcat=BC_SB -Djava.library.path=/usr/local/frc/third-party/lib -Xmx200m -XX:+UseShenandoahGC -Xlog:gc 
java_command: /home/lvuser/2025-Beta-2.jar
java_class_path (initial): /home/lvuser/2025-Beta-2.jar
Launcher Type: SUN_STANDARD

[Global flags]
     intx CICompilerCount                          = 1                                         {product} {ergonomic}
    uintx CodeCacheExpansionSize                   = 32768                                  {pd product} {ergonomic}
    uintx InitialCodeCacheSize                     = 163840                                 {pd product} {ergonomic}
   size_t InitialHeapSize                          = 8388608                                   {product} {ergonomic}
   size_t MaxHeapSize                              = 209715200                                 {product} {command line}
   size_t MinHeapDeltaBytes                        = 262144                                    {product} {ergonomic}
   size_t MinHeapSize                              = 5242880                                   {product} {ergonomic}
     bool NeverActAsServerClassMachine             = true                                   {pd product} {ergonomic}
    uintx NonNMethodCodeHeapSize                   = 5242880                                {pd product} {ergonomic}
    uintx NonProfiledCodeHeapSize                  = 0                                      {pd product} {ergonomic}
     bool ProfileInterpreter                       = false                                  {pd product} {ergonomic}
    uintx ProfiledCodeHeapSize                     = 0                                      {pd product} {ergonomic}
    uintx ReservedCodeCacheSize                    = 33554432                               {pd product} {ergonomic}
   size_t SoftMaxHeapSize                          = 209715200                              {manageable} {ergonomic}
     bool UseNUMA                                  = false                                     {product} {ergonomic}
     bool UseNUMAInterleaving                      = false                                     {product} {ergonomic}
     bool UseShenandoahGC                          = true                                      {product} {command line}

Logging:
Log output configuration:
 #0: stdout all=warning,gc=info uptime,level,tags
 #1: stderr all=off uptime,level,tags

Environment Variables:
PATH=/usr/bin:/bin:/usr/sbin:/sbin
SHELL=/bin/sh

Active Locale:
LC_ALL=C
LC_COLLATE=C
LC_CTYPE=C
LC_MESSAGES=C
LC_MONETARY=C
LC_NUMERIC=C
LC_TIME=C

Signal Handlers:
   SIGSEGV: 0xb6ca0181 in libjvm.so+5411201, mask=11100100010111111101111111111110, flags=SA_RESTART|SA_SIGINFO, unblocked
    SIGBUS: 0xb6ca0181 in libjvm.so+5411201, mask=11100100010111111101111111111110, flags=SA_RESTART|SA_SIGINFO, unblocked
    SIGFPE: 0xb6ca0181 in libjvm.so+5411201, mask=11100100010111111101111111111110, flags=SA_RESTART|SA_SIGINFO, unblocked
   SIGPIPE: SIG_IGN, mask=00000000000010000000000000000000, flags=SA_RESTART, unblocked
  *** Handler was modified!
  *** Expected: 0xb6c0c4e5 in libjvm.so+4805861, mask=11100100110111111111111111111110, flags=SA_RESTART|SA_SIGINFO
   SIGXFSZ: 0xb6c0c4e5 in libjvm.so+4805861, mask=11100100010111111101111111111110, flags=SA_RESTART|SA_SIGINFO, unblocked
    SIGILL: 0xb6ca0181 in libjvm.so+5411201, mask=11100100010111111101111111111110, flags=SA_RESTART|SA_SIGINFO, unblocked
   SIGUSR2: 0xb6c0be95 in libjvm.so+4804245, mask=00000000000000000000000000000000, flags=SA_RESTART|SA_SIGINFO, unblocked
    SIGHUP: SIG_IGN, mask=00000000000000000000000000000000, flags=none, unblocked
    SIGINT: SIG_IGN, mask=00000000000000000000000000000000, flags=none, unblocked
   SIGTERM: 0xb6c0be05 in libjvm.so+4804101, mask=11100100010111111101111111111110, flags=SA_RESTART|SA_SIGINFO, unblocked
   SIGQUIT: 0xb6c0be05 in libjvm.so+4804101, mask=11100100010111111101111111111110, flags=SA_RESTART|SA_SIGINFO, blocked
   SIGTRAP: 0xb6ca0181 in libjvm.so+5411201, mask=11100100010111111101111111111110, flags=SA_RESTART|SA_SIGINFO, unblocked


Periodic native trim disabled


---------------  S Y S T E M  ---------------

OS:
ID="nilrt-academic"
ID_LIKE="nilrt"
NAME="NI Linux Real-Time - Academic"
VERSION="8.15"
VERSION_ID="8.15"
PRETTY_NAME="NI Linux Real-Time - Academic 8.15"
BUILD_ID="cg-25.0.0f36-xilinx-zynq-"
uname: Linux 4.14.146-rt67 #1 SMP PREEMPT RT Tue Sep 10 03:48:02 UTC 2024 armv7l
OS uptime: 4 days 23:55 hours
libc: glibc 2.24 NPTL 2.24 
rlimit (soft/hard): STACK 512k/infinity , CORE 0k/infinity , NPROC 3975/3975 , NOFILE 4096/4096 , AS infinity/infinity , CPU infinity/infinity , DATA infinity/infinity , FSIZE infinity/infinity , MEMLOCK 64k/64k
load average: 3.54 3.28 3.12

/proc/meminfo:
MemTotal:         509936 kB
MemFree:           22896 kB
MemAvailable:     241616 kB
Buffers:           12892 kB
Cached:           282660 kB
SwapCached:            0 kB
Active:           304164 kB
Inactive:         132452 kB
Active(anon):     210176 kB
Inactive(anon):    19724 kB
Active(file):      93988 kB
Inactive(file):   112728 kB
Unevictable:           0 kB
Mlocked:               0 kB
HighTotal:             0 kB
HighFree:              0 kB
LowTotal:         509936 kB
LowFree:           22896 kB
SwapTotal:             0 kB
SwapFree:              0 kB
Dirty:               196 kB
Writeback:             0 kB
AnonPages:        141120 kB
Mapped:            44680 kB
Shmem:             88788 kB
Slab:              31500 kB
SReclaimable:      23900 kB
SUnreclaim:         7600 kB
KernelStack:        2248 kB
PageTables:         2024 kB
NFS_Unstable:          0 kB
Bounce:                0 kB
WritebackTmp:          0 kB
CommitLimit:      474240 kB
Committed_AS:     349288 kB
VmallocTotal:     507904 kB
VmallocUsed:           0 kB
VmallocChunk:          0 kB

/sys/kernel/mm/transparent_hugepage/enabled: <Not Available>
/sys/kernel/mm/transparent_hugepage/defrag (defrag/compaction efforts parameter): <Not Available>

Process Memory:
Virtual Size: 398848K (peak: 2964620K)
Resident Set Size: 111464K (peak: 111464K) (anon: 82268K, file: 28652K, shmem: 544K)
Swapped out: 0K

/proc/sys/kernel/threads-max (system-wide limit on the number of threads): 7951
/proc/sys/vm/max_map_count (maximum number of memory map areas a process may have): 65530
/proc/sys/kernel/pid_max (system-wide limit on number of process identifiers): 32768

container information not found.
Steal ticks since vm start: 0
Steal ticks percentage since vm start:  0.000

CPU: total 2 (initial active 2) (ARMv7), vfp, mp_ext
/proc/cpuinfo:
processor	: 0
model name	: ARMv7 Processor rev 0 (v7l)
BogoMIPS	: 866.66
Features	: half thumb fastmult vfp edsp neon vfpv3 tls vfpd32 
CPU implementer	: 0x41
CPU architecture: 7
CPU variant	: 0x3
CPU part	: 0xc09
CPU revision	: 0

processor	: 1
model name	: ARMv7 Processor rev 0 (v7l)
BogoMIPS	: 866.66
Features	: half thumb fastmult vfp edsp neon vfpv3 tls vfpd32 
CPU implementer	: 0x41
CPU architecture: 7
CPU variant	: 0x3
CPU part	: 0xc09
CPU revision	: 0

Hardware	: Xilinx Zynq Platform
Revision	: 0003
Serial		: 032B1F96

Online cpus: 0-1
Offline cpus: 

Memory: 4k page, physical 509936k(22896k free), swap 0k(0k free)
Page Sizes: 4k

vm_info: OpenJDK Client VM (17.0.9.7-frc+0-2024-17.0.9u7-3) for linux-arm-vfp-sflt JRE (17.0.9.7-frc+0-2024-17.0.9u7-3), built on Mar 30 2026 04:03:28 by "" with gcc 12.1.0

END.
